id-old,emoji ,name_en-US,name_ja-JP,id,alias-ja,isUserPref,isTeamPref,isUserActivity,isTeamActivity,isOrgPref,isPersonalEvent,isPersonalEventEntryPoint,isTeamEvent,isTeamEventEntryPoint,isEventResult,isPersonalRecord,resultCriteria,gameEndFactor,recordValue,hasTricks,category 1,category 2,category 3,canBeDraw,gameEndFactorException,scoringUnitCountName,priorityRecordContents,,is paralymic,ç«¶æŠ€äººå£ (ä¸–ç•Œ),äººæ°—ã®å›½,å€‹äººç«¶æŠ€/ãƒãƒ¼ãƒ ç«¶æŠ€,å›£ä½“æˆ¦ãŒã‚ã‚‹ã‹,ãƒãƒ¼ãƒ ãƒ»ã‚¯ãƒ©ãƒ–ã®å€¤ã«ãªã‚‹ã‹,ç«¶æŠ€ã®çµæœã«ãªã‚‹ã‹,çµæœã®åŸºæº–,çµ‚äº†ã®ã‚¿ã‚¤ãƒŸãƒ³ã‚°,,ãƒ¡ãƒ¢
39489d68-548f-40a9-8ef1-2fb86a43f2a3,ğŸ’ª,strength training,ç­‹åŠ›ãƒˆãƒ¬ãƒ¼ãƒ‹ãƒ³ã‚°,strength-training,ç­‹ãƒˆãƒ¬ ãƒ¯ãƒ¼ã‚¯ã‚¢ã‚¦ãƒˆ ã‚¹ãƒˆãƒ¬ãƒ³ã‚°ã‚¹ãƒˆãƒ¬ãƒ¼ãƒ‹ãƒ³ã‚°  gym calisthenics ,TRUE,FALSE,TRUE,FALSE,FALSE,FALSE,FALSE,FALSE,FALSE,FALSE,FALSE,none (recreation),,,FALSE,,,,,,,,,,,,,,,,,,,
5e7d619c-dd7b-4b34-8dac-5e597da5488c,âš½ï¸,soccer,ã‚µãƒƒã‚«ãƒ¼,football,è¹´çƒ,TRUE,TRUE,TRUE,TRUE,TRUE,FALSE,FALSE,TRUE,TRUE,TRUE,FALSE,point,time,,FALSE,football,,,,,,,,,,,ãƒãƒ¼ãƒ ,,TRUE,,å¾—ç‚¹,æ™‚é–“,,
d758923e-1655-4d15-9530-7b2cf27d4eb4,âš½ï¸,futsal,ãƒ•ãƒƒãƒˆã‚µãƒ«,futsal,,TRUE,TRUE,TRUE,TRUE,TRUE,FALSE,FALSE,TRUE,TRUE,TRUE,FALSE,point,time,,FALSE,football,,,,,,,,,,,ãƒãƒ¼ãƒ ,,TRUE,,å¾—ç‚¹,æ™‚é–“,,
8b80c3a2-4be9-41d4-9e37-75fcc1af44fc,âš¾ï¸,baseball,é‡çƒ,baseball,ãƒ™ãƒ¼ã‚¹ãƒœãƒ¼ãƒ«,TRUE,TRUE,TRUE,TRUE,TRUE,FALSE,FALSE,TRUE,TRUE,TRUE,FALSE,point,count,,FALSE,baseball,,,,,,,,,,,ãƒãƒ¼ãƒ ,,TRUE,,å¾—ç‚¹,å›æ•°,,
05aa0380-e48a-4697-bc38-6bed243c5f93,ğŸ€,basketball,ãƒã‚¹ã‚±ãƒƒãƒˆãƒœãƒ¼ãƒ«,basketball,ç± çƒ,TRUE,TRUE,TRUE,TRUE,TRUE,FALSE,FALSE,TRUE,TRUE,TRUE,FALSE,point,time,,FALSE,basketball,,,,,,,,,,,ãƒãƒ¼ãƒ ,,TRUE,,å¾—ç‚¹,æ™‚é–“,,
9d9a7b41-89b2-4742-9999-eb23ee002604,ğŸ€,dunk,ãƒ€ãƒ³ã‚¯,dunk,ãƒ€ãƒ³ã‚¯ã‚·ãƒ¥ãƒ¼ãƒˆ,TRUE,TRUE,TRUE,TRUE,TRUE,TRUE,TRUE,FALSE,FALSE,TRUE,TRUE,judgement,finish,point,TRUE,basketball,,,,,,,,,,,,,,,,,,
76bc525c-e786-4204-b632-4f4975187ebd,ğŸ,volleyball,ãƒãƒ¬ãƒ¼ãƒœãƒ¼ãƒ«,volleyball,æ’çƒ,TRUE,TRUE,TRUE,TRUE,TRUE,FALSE,FALSE,TRUE,TRUE,TRUE,FALSE,point,score,,FALSE,volleyball,,,,,,,,,,,ãƒãƒ¼ãƒ ,,TRUE,,å¾—ç‚¹,å¾—ç‚¹,,
2e4ddfb1-b8da-4b81-8b09-1e680f20e528,ğŸ‰,rugby,ãƒ©ã‚°ãƒ“ãƒ¼,rugby,,TRUE,FALSE,FALSE,FALSE,TRUE,FALSE,FALSE,TRUE,FALSE,FALSE,FALSE,point,score,,FALSE,,,,,,,,,,,,,,,,,,,
676418fc-6594-4465-a97a-2a4a86d1e399,ğŸ‰,rugby union,ãƒ©ã‚°ãƒ“ãƒ¼ãƒ¦ãƒ‹ã‚ªãƒ³ (15äººåˆ¶),rugby-union,,TRUE,TRUE,TRUE,TRUE,TRUE,FALSE,FALSE,TRUE,TRUE,TRUE,FALSE,point,score,,FALSE,rugby,,,,,,,,,,,ãƒãƒ¼ãƒ ,,TRUE,,å¾—ç‚¹,,,
ba47bfad-9dbd-425c-81f5-1fa3f8071ede,ğŸ‰,rugby league,ãƒ©ã‚°ãƒ“ãƒ¼ãƒªãƒ¼ã‚° (13äººåˆ¶),rugby-league,,TRUE,TRUE,TRUE,TRUE,TRUE,FALSE,FALSE,TRUE,TRUE,TRUE,FALSE,point,score,,FALSE,rugby,,,,,,,,,,,ãƒãƒ¼ãƒ ,,TRUE,,å¾—ç‚¹,,,
c280cce9-c9a0-4670-9519-8f29fc53aa67,ğŸ‰,rugby sevens,ãƒ©ã‚°ãƒ“ãƒ¼ãƒ¦ãƒ‹ã‚ªãƒ³ ã‚»ãƒ–ãƒ³ã‚º (7äººåˆ¶),rugby-sevens,,TRUE,TRUE,TRUE,TRUE,TRUE,FALSE,FALSE,TRUE,TRUE,TRUE,FALSE,point,score,,FALSE,,,,,,,,,,,,,,,,,,,
d0a6ae07-9c93-4a5c-b4c2-02e6e4af87f8,ğŸ¸,badminton,ãƒãƒ‰ãƒŸãƒ³ãƒˆãƒ³,badminton,ãƒãƒˆãƒŸãƒ³ãƒˆãƒ³,TRUE,TRUE,TRUE,TRUE,TRUE,TRUE,TRUE,TRUE,TRUE,TRUE,FALSE,point,score,,FALSE,badminton,,,,,,,,,,,å€‹äººãƒ»ãƒãƒ¼ãƒ ,TRUE,TRUE,,å¾—ç‚¹,å¾—ç‚¹,,
2d3cce01-e4ec-4ac9-b57a-b2bdc9d9abe0,ğŸ“,table tennis,å“çƒ,table-tennis,,TRUE,TRUE,TRUE,TRUE,TRUE,TRUE,TRUE,TRUE,TRUE,TRUE,FALSE,point,score,,FALSE,table tennis,,,,,,,,,,,å€‹äººãƒ»ãƒãƒ¼ãƒ ,TRUE,TRUE,,å¾—ç‚¹,å¾—ç‚¹,,
dbcdb035-ebec-4115-b863-a4b7318958f9,ğŸ¾,tennis,ãƒ†ãƒ‹ã‚¹,tennis,,TRUE,TRUE,TRUE,TRUE,TRUE,TRUE,TRUE,TRUE,TRUE,TRUE,FALSE,point,score,,FALSE,tennis,,,,,,,,,,,å€‹äººãƒ»ãƒãƒ¼ãƒ ,TRUE,TRUE,,å¾—ç‚¹,å¾—ç‚¹,,
d44b272e-aaf8-4eae-9aaa-8286436f2776,â›³ï¸,golf,ã‚´ãƒ«ãƒ•,golf,,TRUE,TRUE,TRUE,TRUE,TRUE,TRUE,TRUE,TRUE,TRUE,TRUE,TRUE,point,count,point,FALSE,golf,,,,,,,,,,,å€‹äºº,TRUE,TRUE,,å¾—ç‚¹,å›æ•°(ãƒ›ãƒ¼ãƒ«æ•°),,
55ed6b72-e13e-4016-90b7-980562f79f56,â›³ï¸,golf long drive,ãƒ‰ãƒ©ã‚¤ãƒ“ãƒ³ã‚°ã‚³ãƒ³ãƒ†ã‚¹ãƒˆ (ã‚´ãƒ«ãƒ•),golf-long-drive,,TRUE,TRUE,TRUE,TRUE,TRUE,TRUE,TRUE,FALSE,FALSE,TRUE,TRUE,record,count,distance,FALSE,golf,,,,,,,,,,,,,,,,,,
823efffe-2560-4cee-9fc2-2532aaaa0e14,ğŸ¥Š,boxing,ãƒœã‚¯ã‚·ãƒ³ã‚°,boxing,,TRUE,TRUE,TRUE,TRUE,TRUE,TRUE,TRUE,TRUE,FALSE,TRUE,FALSE,judgement,"time, count",,FALSE,boxing,,,,,,,,,,,å€‹äºº,,TRUE,,å¾—ç‚¹ (å¯©åˆ¤æ¡ç‚¹?),æ™‚é–“,,
37fb54d0-1312-4159-85cb-78e7dc399008,ğŸ¤¼,professional wrestling,ãƒ—ãƒ­ãƒ¬ã‚¹,professional-wrestling,,TRUE,TRUE,TRUE,TRUE,TRUE,TRUE,TRUE,TRUE,TRUE,TRUE,FALSE,point,time,,FALSE,martial arts,,,,,,,,,,,å€‹äººãƒ»ãƒãƒ¼ãƒ ,TRUE,TRUE,,å¾—ç‚¹,,,
a6ba581b-c4d7-4622-bd54-e0fcc5c62710,ğŸ¥,softball,ã‚½ãƒ•ãƒˆãƒœãƒ¼ãƒ«,softball,,TRUE,TRUE,TRUE,TRUE,TRUE,FALSE,FALSE,TRUE,TRUE,TRUE,FALSE,point,count,,FALSE,softball,,,,,,,,,,,ãƒãƒ¼ãƒ ,,TRUE,,å¾—ç‚¹,å›æ•°,,
cd526a16-63fd-42d5-a673-601c9f6425de,ğŸ¤¾,handball,ãƒãƒ³ãƒ‰ãƒœãƒ¼ãƒ«,handball,,TRUE,TRUE,TRUE,TRUE,TRUE,FALSE,FALSE,TRUE,TRUE,TRUE,FALSE,point,score,,FALSE,handball,,,,,,,,,,,ãƒãƒ¼ãƒ ,,TRUE,,å¾—ç‚¹,,,
54c4f166-7e7f-4e22-a206-76e57bc4d6cd,ğŸˆ,american football,ã‚¢ãƒ¡ãƒªã‚«ãƒ³ãƒ•ãƒƒãƒˆãƒœãƒ¼ãƒ«,american-football,,TRUE,TRUE,TRUE,TRUE,TRUE,FALSE,FALSE,TRUE,TRUE,TRUE,FALSE,point,score,,FALSE,american football,,,,,,,,,,,ãƒãƒ¼ãƒ ,,TRUE,,å¾—ç‚¹,,,
53297151-8e06-4587-a224-112946a48a4b,ğŸ¥,lacrosse,ãƒ©ã‚¯ãƒ­ã‚¹,lacrosse,,TRUE,TRUE,TRUE,TRUE,TRUE,FALSE,FALSE,TRUE,TRUE,TRUE,FALSE,point,score,,FALSE,lacrosse,,,,,,,,,,,ãƒãƒ¼ãƒ ,,TRUE,,å¾—ç‚¹,,,
d6055a6a-1af1-47e0-81f7-a36ccc9381c5,ğŸ,cricket,ã‚¯ãƒªã‚±ãƒƒãƒˆ,cricket,,TRUE,TRUE,TRUE,TRUE,TRUE,FALSE,FALSE,TRUE,TRUE,TRUE,FALSE,point,score,,FALSE,cricket,,,,,,,,,,,ãƒãƒ¼ãƒ ,,TRUE,,å¾—ç‚¹,,,
6c09a11c-a3ab-4409-aa2a-76d1cc5fdefc,ğŸ‘,field hockey,ãƒ•ã‚£ãƒ¼ãƒ«ãƒ‰ãƒ›ãƒƒã‚±ãƒ¼,field-hockey,,TRUE,TRUE,TRUE,TRUE,TRUE,FALSE,FALSE,TRUE,TRUE,TRUE,FALSE,point,score,,FALSE,field hockey,,,,,,,,,,,ãƒãƒ¼ãƒ ,,TRUE,,å¾—ç‚¹,,,
8b9d9436-daaa-4a12-855e-fb3121fa8176,ğŸ¦µ,sepak takraw,ã‚»ãƒ‘ã‚¿ã‚¯ãƒ­ãƒ¼,sepak-takraw,,TRUE,TRUE,TRUE,TRUE,TRUE,FALSE,FALSE,TRUE,TRUE,TRUE,FALSE,point,score,,FALSE,sepak takraw,,,,,,,,,,,ãƒãƒ¼ãƒ ,,TRUE,,å¾—ç‚¹,,,
3e42f2ce-7829-435f-83c9-6d6cd21b6044,âš½ï¸,Sosaichi,ã‚½ã‚µã‚¤ãƒ,sosaichi,,TRUE,TRUE,TRUE,TRUE,TRUE,FALSE,FALSE,TRUE,TRUE,TRUE,FALSE,point,score,,FALSE,football,,,,,,,,,,,ãƒãƒ¼ãƒ ,,TRUE,,å¾—ç‚¹,,,
86927440-9aea-4176-b879-696b3592b8d2,ğŸ€,3x3,3x3,3x3,,TRUE,TRUE,TRUE,TRUE,TRUE,FALSE,FALSE,TRUE,TRUE,TRUE,FALSE,point,score,,FALSE,basketball,,,,,,,,,,,ãƒãƒ¼ãƒ ,,TRUE,,å¾—ç‚¹,,,
da77b186-a0d5-42ef-a3a8-c3d8c9cca7c9,ğŸ¥,Ultimate,ã‚¢ãƒ«ãƒ†ã‚£ãƒ¡ãƒƒãƒˆ,Ultimate,,TRUE,TRUE,TRUE,TRUE,TRUE,FALSE,FALSE,TRUE,TRUE,TRUE,FALSE,point,score,,FALSE,Ultimate,,,,,,,,,,,ãƒãƒ¼ãƒ ,,TRUE,,å¾—ç‚¹,,,
586831ee-0806-4e2c-b8f3-cb61e0e151aa,ğŸğŸ–ï¸,beach volleyball,ãƒ“ãƒ¼ãƒãƒãƒ¬ãƒ¼,beach-volleyball,,TRUE,TRUE,TRUE,TRUE,TRUE,FALSE,FALSE,TRUE,TRUE,TRUE,FALSE,point,score,,FALSE,volleyball,,,,,,,,,,,ãƒãƒ¼ãƒ ,,TRUE,,å¾—ç‚¹,,,
57976158-81e8-4457-8569-073360864953,ğŸ—£ï¸,kabaddi,ã‚«ãƒãƒ‡ã‚£,kabaddi,,TRUE,TRUE,TRUE,TRUE,TRUE,FALSE,FALSE,TRUE,TRUE,TRUE,FALSE,point,count,,FALSE,kabaddi,,,,,,,,,,,ãƒãƒ¼ãƒ ,,TRUE,,å¾—ç‚¹,,,
df9b837c-8b7e-4d05-b81f-af65a247e0f6,ğŸƒâ€â™‚ï¸â€â¡ï¸,track and field,é™¸ä¸Šç«¶æŠ€,track-and-field,,FALSE,TRUE,FALSE,FALSE,TRUE,FALSE,FALSE,FALSE,FALSE,FALSE,FALSE,point,score,,FALSE,track and field,,,,,,,,,,,,,TRUE,,å¾—ç‚¹,,,é™¸ä¸Šãƒãƒ¼ãƒ ã¨ã—ã¦æ¤œç´¢ã—ãŸã„æ™‚ã®ãŸã‚ã€‚é™¸ä¸Šéƒ¨ã€ã‹ã‘ã£ã“æ•™å®¤ãªã©ã€‚ç«¶æŠ€ã¨ã—ã¦æ®‹ã™ã¹ãã¨åˆ¤æ–­ã€‚æ°´æ³³ã‚‚åŒæ§˜
ffa5bb2c-7b20-4823-91b1-e9d5808fee9d,ğŸƒâ€â™‚ï¸â€â¡ï¸,track and field Sprint,é™¸ä¸ŠçŸ­è·é›¢,taf-sprint,,TRUE,TRUE,TRUE,TRUE,TRUE,FALSE,FALSE,FALSE,FALSE,FALSE,FALSE,point,score,,FALSE,track and field,,,,,,,,,,,,,TRUE,,å¾—ç‚¹,,,
4bfb75f3-e6a9-4b52-8465-bb6868d13a2f,ğŸƒâ€â™‚ï¸â€â¡ï¸,track and field middle-distance,é™¸ä¸Šä¸­è·é›¢,taf-middle-distance,,TRUE,TRUE,TRUE,TRUE,TRUE,FALSE,FALSE,FALSE,FALSE,FALSE,FALSE,point,score,,FALSE,track and field,,,,,,,,,,,,,TRUE,,å¾—ç‚¹,,,
eb0e61e5-3482-473f-9726-726178997e6c,ğŸƒâ€â™‚ï¸â€â¡ï¸,track and field-long-distance,é™¸ä¸Šé•·è·é›¢,taf-long-distance,,TRUE,TRUE,TRUE,TRUE,TRUE,FALSE,FALSE,FALSE,FALSE,FALSE,FALSE,point,score,,FALSE,track and field,,,,,,,,,,,,,TRUE,,å¾—ç‚¹,,,
8bcbc78a-ac23-46e4-976b-28c60a3f576e,ğŸƒâ€â™€ï¸,50m sprint,50mèµ°,50m-sprint,,TRUE,FALSE,TRUE,TRUE,TRUE,TRUE,TRUE,FALSE,FALSE,TRUE,TRUE,record,finish,time,FALSE,,,,,,,,,,,,,,,,,,,
aed6794b-88a6-4dcf-a2eb-f7461b5a6759,ğŸƒâ€â™€ï¸,60m sprint,60mèµ°,60m-sprint,,TRUE,FALSE,TRUE,TRUE,TRUE,TRUE,TRUE,FALSE,FALSE,TRUE,TRUE,record,finish,time,FALSE,,,,,,,,,,,,,,,,,,,
8df287a8-7112-42a4-a11f-3810d062812a,ğŸƒâ€â™€ï¸,100m sprint,100mèµ°,100m-sprint,,TRUE,FALSE,TRUE,TRUE,TRUE,TRUE,TRUE,FALSE,FALSE,TRUE,TRUE,record,finish,time,FALSE,track and field,ãƒˆãƒ©ãƒƒã‚¯ç«¶æŠ€,çŸ­è·é›¢,,,,,,,,,,,,,,,,
caab95bd-1bc3-4095-b21a-645719192b5b,ğŸƒâ€â™€ï¸,200m sprint,200mèµ°,200m-sprint,,TRUE,FALSE,TRUE,TRUE,TRUE,TRUE,TRUE,FALSE,FALSE,TRUE,TRUE,record,finish,time,FALSE,,,,,,,,,,,,å€‹äºº,,FALSE,,è¨˜éŒ²,,,
2b41336b-8371-473f-8672-d6660fa8f7db,ğŸƒâ€â™€ï¸,800m sprint,800mèµ°,800m-sprint,,TRUE,FALSE,TRUE,TRUE,TRUE,TRUE,TRUE,FALSE,FALSE,TRUE,TRUE,record,finish,time,FALSE,track and field,ãƒˆãƒ©ãƒƒã‚¯ç«¶æŠ€,ä¸­è·é›¢,,,,,,,,,,,,,,,,
6e9b4f2f-3385-4649-baec-8362e0882cae,ğŸƒâ€â™‚ï¸â€â¡ï¸,1 mile sprint,1ãƒã‚¤ãƒ«èµ°,1mile-sprint,,TRUE,FALSE,TRUE,TRUE,TRUE,TRUE,TRUE,FALSE,FALSE,TRUE,TRUE,record,finish,time,FALSE,track and field,,,,,,,,,,,å€‹äºº,,FALSE,,è¨˜éŒ²,,,
40fb178f-f23d-4ed1-9303-09a249a9b79a,ğŸƒâ€â™‚ï¸â€â¡ï¸,1500m sprint,1500mèµ°,1500m-sprint,,TRUE,FALSE,TRUE,TRUE,TRUE,TRUE,TRUE,FALSE,FALSE,TRUE,TRUE,record,finish,time,FALSE,track and field,ãƒˆãƒ©ãƒƒã‚¯ç«¶æŠ€,ä¸­è·é›¢,,,,,,,,,ãƒãƒ¼ãƒ ,,FALSE,,è¨˜éŒ²,,,
34faab6f-76f6-4dc0-b53f-3f88fce4c5e8,ğŸƒ,400m x 4 relay,400mx4äººãƒªãƒ¬ãƒ¼,taf-400m-x-4-relay,,TRUE,FALSE,TRUE,TRUE,TRUE,TRUE,TRUE,TRUE,TRUE,TRUE,TRUE,record,finish,time,FALSE,track and field,,,,,,,,,,,,,,,,,,
86b2b96a-d4e7-4ba3-af5d-a458b3050d50,ğŸƒ,relays,ãƒªãƒ¬ãƒ¼èµ°,taf-relays,,FALSE,FALSE,TRUE,TRUE,TRUE,TRUE,TRUE,FALSE,FALSE,FALSE,FALSE,record,finish,,FALSE,,,,,,,,,,,,,,,,,,,
66465d31-730a-4b50-b134-702d6942ee6f,ğŸƒ,steeplechase,éšœå®³ç‰©èµ°,taf-steeplechase,,TRUE,FALSE,TRUE,TRUE,TRUE,FALSE,FALSE,FALSE,FALSE,FALSE,FALSE,record,finish,,FALSE,,,,,,,,,,,,,,,,,,,
c959d89a-9417-4745-b3a3-b47fce0918ca,ğŸƒ,3000m steeplechase,3000m éšœå®³ç‰©èµ°,taf-3000m-steeplechase,,TRUE,FALSE,TRUE,TRUE,TRUE,TRUE,TRUE,FALSE,FALSE,TRUE,TRUE,record,finish,time,FALSE,,,,,,,,,,,,å€‹äºº,,FALSE,,è¨˜éŒ²,,,
5013bf7f-e07c-40a7-86c1-8f1e699102d1,ğŸƒ,5000m run,5000mèµ°,taf-5000m-run,,TRUE,FALSE,TRUE,TRUE,TRUE,TRUE,TRUE,FALSE,FALSE,TRUE,TRUE,record,finish,time,FALSE,track and field,,,,,,,,,,,å€‹äºº,,FALSE,,è¨˜éŒ²,,,
503ee6fc-d3ec-4f47-ab99-dac7888f3529,ğŸƒ,10000m run,10000mèµ°,taf-10000m-run,,TRUE,FALSE,TRUE,TRUE,TRUE,TRUE,TRUE,FALSE,FALSE,TRUE,TRUE,record,finish,time,FALSE,track and field,,,,,,,,,,,,,,,,,,
5ab77e41-0872-44e2-a2e0-21bddc3e24d9,ğŸƒ,Track and field throwing event,é™¸ä¸ŠæŠ•æ“²ç¨®ç›®,taf-throwing-event,,FALSE,TRUE,FALSE,TRUE,TRUE,FALSE,FALSE,FALSE,FALSE,FALSE,FALSE,record,finish,,FALSE,,,,,,,,,,,,å€‹äºº,,FALSE,,è¨˜éŒ²,,,
a6904d3b-d167-4e1f-b1ee-f6034802efb0,ğŸƒ,hammer throw,ãƒãƒ³ãƒãƒ¼æŠ•ã’,hammer-throw,,TRUE,TRUE,TRUE,TRUE,TRUE,TRUE,TRUE,FALSE,FALSE,TRUE,TRUE,record,"finish, count",distance,FALSE,track and field,ãƒ•ã‚£ãƒ¼ãƒ«ãƒ‰ç«¶æŠ€,æŠ•æ“²,,,,,,,,,å€‹äºº,,FALSE,,è¨˜éŒ²,,,
0292ba1f-dc94-4b41-b63f-30e454e77d71,ğŸƒ,shot put,ç ²ä¸¸æŠ•ã’,shot-put,,TRUE,TRUE,TRUE,TRUE,TRUE,TRUE,TRUE,FALSE,FALSE,TRUE,TRUE,record,"finish, count",distance,FALSE,track and field,ãƒ•ã‚£ãƒ¼ãƒ«ãƒ‰ç«¶æŠ€,æŠ•æ“²,,,,,,,,,å€‹äºº,,FALSE,,è¨˜éŒ²,,,
e3ac8d67-376e-4566-a8d4-a17d60e7f88b,ğŸ¥,discus throw,å††ç›¤æŠ•ã’,discus-throw,,TRUE,TRUE,TRUE,TRUE,TRUE,TRUE,TRUE,FALSE,FALSE,TRUE,TRUE,record,"finish, count",distance,FALSE,track and field,ãƒ•ã‚£ãƒ¼ãƒ«ãƒ‰ç«¶æŠ€,æŠ•æ“²,,,,,,,,,å€‹äºº,,FALSE,,è¨˜éŒ²,,,
42792f9a-7490-4dce-99de-c59071352fcf,ğŸƒ,javelin throwing,æ§æŠ•ã’,javelin-throwing,,TRUE,TRUE,TRUE,TRUE,TRUE,TRUE,TRUE,FALSE,FALSE,TRUE,TRUE,record,"finish, count",distance,FALSE,track and field,ãƒ•ã‚£ãƒ¼ãƒ«ãƒ‰ç«¶æŠ€,æŠ•æ“²,,,,,,,,,,,,,,,,
ac6a9b35-bf37-4b94-9f34-2fb1cab69034,ğŸ¦˜,Track and field jumping event,é™¸ä¸Šè·³èºç¨®ç›®,Track-and-field-jumping-event,,FALSE,TRUE,FALSE,TRUE,TRUE,TRUE,FALSE,FALSE,FALSE,FALSE,FALSE,record,finish,,FALSE,,,,,,,,,,,,å€‹äºº,,FALSE,,è¨˜éŒ²,,,
da39629e-3855-46c8-8926-66b0bde87e64,ğŸ¦˜,long jump,èµ°ã‚Šå¹…è·³ã³,long-jump,,TRUE,TRUE,TRUE,TRUE,TRUE,TRUE,TRUE,FALSE,FALSE,TRUE,TRUE,record,"finish, count",distance,FALSE,track and field,ãƒ•ã‚£ãƒ¼ãƒ«ãƒ‰ç«¶æŠ€,è·³èº,,,,,,,,,å€‹äºº,,FALSE,,è¨˜éŒ²,,,
704b2ca5-c3ce-4071-8772-269ace357300,ğŸ¦˜,triple jump,ä¸‰æ®µè·³ã³,triple-jump,,TRUE,TRUE,TRUE,TRUE,TRUE,TRUE,TRUE,FALSE,FALSE,TRUE,TRUE,record,"finish, count",distance,FALSE,track and field,ãƒ•ã‚£ãƒ¼ãƒ«ãƒ‰ç«¶æŠ€,è·³èº,,,,,,,,,,,,,,,,
f6cf77d1-ef7f-49f5-bef1-2702238913dc,ğŸƒ,Track and field - Combined Events,é™¸ä¸Šæ··æˆç«¶æŠ€,Track-and-field---Combined-Events,,FALSE,TRUE,FALSE,TRUE,TRUE,TRUE,FALSE,FALSE,FALSE,FALSE,FALSE,record,finish,,FALSE,track and field,,,,,,,,,,,å€‹äºº,,FALSE,,è¨˜éŒ²,,,
a154e3aa-5b12-49c1-9884-6c1954ce0f40,ğŸƒ,decathlon,åç¨®ç«¶æŠ€,decathlon,,TRUE,TRUE,TRUE,TRUE,TRUE,TRUE,TRUE,FALSE,FALSE,TRUE,TRUE,record,finish,"point, distance, time",FALSE,track and field,æ··æˆç«¶æŠ€,,,,,,,,,,å€‹äºº,,FALSE,,è¨˜éŒ²,,,
29203a8c-d1b2-46ac-b7fd-1020f60e2d1e,ğŸƒ,heptathlon,ä¸ƒç¨®ç«¶æŠ€,heptathlon,,TRUE,TRUE,TRUE,TRUE,TRUE,TRUE,TRUE,FALSE,FALSE,TRUE,TRUE,record,finish,"point, time, distance",FALSE,track and field,æ··æˆç«¶æŠ€,,,,,,,,,,,,,,,,,
46566f5a-bb36-4e85-b918-526b3eda6d87,ğŸƒ,half marathon,ãƒãƒ¼ãƒ•ãƒãƒ©ã‚½ãƒ³,half-marathon,,TRUE,FALSE,TRUE,TRUE,TRUE,TRUE,TRUE,FALSE,FALSE,TRUE,TRUE,record,finish,time,FALSE,,,,,,,,,,,,å€‹äºº,,true/false (ç¤¾ä¼šäººã‚¯ãƒ©ãƒ–ã¯ãƒ©ãƒ³ãƒ‹ãƒ³ã‚°ã‹?TODO),,è¨˜éŒ²,,,
2f0b914a-c778-4126-83e9-ab00ab27592f,ğŸƒ,marathon,ãƒãƒ©ã‚½ãƒ³,marathon,,TRUE,FALSE,TRUE,TRUE,TRUE,TRUE,TRUE,FALSE,FALSE,TRUE,TRUE,record,finish,time,FALSE,track and field,ãƒ­ãƒ¼ãƒ‰ãƒ¬ãƒ¼ã‚¹,,,,,,,,,,ãƒãƒ¼ãƒ ,,FALSE,,è¨˜éŒ²,,,
e665a66c-13ff-45df-86d4-af3a58533d75,ğŸƒ,Ekiden,é§…ä¼,Ekiden,,TRUE,TRUE,TRUE,TRUE,TRUE,TRUE,TRUE,TRUE,TRUE,TRUE,TRUE,record,finish,time,FALSE,track and field,ãƒ­ãƒ¼ãƒ‰ãƒ¬ãƒ¼ã‚¹,,,,,,,,,,å€‹äºº,,FALSE,,è¨˜éŒ²,,,
fe317d19-409e-451c-bd4d-e3bebce7fc24,ğŸƒ,race walking,ç«¶æ­©,race-walking,,TRUE,TRUE,TRUE,TRUE,TRUE,TRUE,TRUE,FALSE,FALSE,TRUE,TRUE,record,finish,time,FALSE,track and field,ãƒ­ãƒ¼ãƒ‰ãƒ¬ãƒ¼ã‚¹,,,,,,,,,,,,TRUE,,è¨˜éŒ²,,,æ°´æ³³ãƒãƒ¼ãƒ ã¨ã—ã¦æ¤œç´¢ã—ãŸã„ã¨ããŒã‚ã‚‹ã€‚å…¨èˆ¬çš„ã«å–ã‚Šçµ„ã‚€ã¨æ€ã†ã®ã§ã€‚æ°´æ³³éƒ¨ã€‚
8dcd0e07-3c6b-47fa-afa9-b5052a844eee,ğŸŠ,swimming,æ°´æ³³,swimming,,FALSE,TRUE,TRUE,TRUE,TRUE,TRUE,FALSE,TRUE,FALSE,FALSE,FALSE,record,,,FALSE,swimming,,,,,,,,,,,,,,,,,,
c144df1d-a80a-4e5e-accd-abe333aeeafa,ğŸŠ,competitive swimming,ç«¶æ³³,competitive-swimming,,TRUE,TRUE,TRUE,TRUE,TRUE,TRUE,FALSE,TRUE,FALSE,FALSE,FALSE,record,finish,,FALSE,swimming,ç«¶æ³³,,,,,,,,,,å€‹äºº,,FALSE,,è¨˜éŒ²,,,
e269bfea-bc2b-4215-9155-9fbc77b9dca5,ğŸŠ,Competitive freestyle swimming,ç«¶æ³³è‡ªç”±å‹,Competitive-freestyle-swimming,æ°´æ³³ ã‚¯ãƒ­ãƒ¼ãƒ«,TRUE,TRUE,TRUE,TRUE,TRUE,TRUE,FALSE,FALSE,FALSE,FALSE,FALSE,record,finish,,FALSE,swimming,ç«¶æ³³,,,,,,,,,,,,,,,,,
466cf1d0-cdf7-4224-bb44-8490a7d1b21c,ğŸŠ,Swimming freestyle 25m,ç«¶æ³³è‡ªç”±å‹25ï½,Swimming-freestyle-25m,æ°´æ³³ ã‚¯ãƒ­ãƒ¼ãƒ«,TRUE,FALSE,TRUE,TRUE,TRUE,TRUE,TRUE,FALSE,FALSE,TRUE,TRUE,record,finish,time,FALSE,,,,,,,,,,,,å€‹äºº,,FALSE,,è¨˜éŒ²,,,
089c39b1-007b-40ac-8064-9b680db1b78a,ğŸŠ,Swimming freestyle 50m,ç«¶æ³³è‡ªç”±å‹50ï½,Swimming-freestyle-50m,æ°´æ³³ ã‚¯ãƒ­ãƒ¼ãƒ«,TRUE,FALSE,TRUE,TRUE,TRUE,TRUE,TRUE,FALSE,FALSE,TRUE,TRUE,record,finish,time,FALSE,swimming,ç«¶æ³³,,,,,,,,,,å€‹äºº,,FALSE,,è¨˜éŒ²,,,
a8b94f0b-dd54-4403-ac3c-f1b3f593999f,ğŸŠ,Swimming freestyle 100m,ç«¶æ³³è‡ªç”±å‹100ï½,Swimming-freestyle-100m,æ°´æ³³ ã‚¯ãƒ­ãƒ¼ãƒ«,TRUE,FALSE,TRUE,TRUE,TRUE,TRUE,TRUE,FALSE,FALSE,TRUE,TRUE,record,finish,time,FALSE,swimming,ç«¶æ³³,,,,,,,,,,å€‹äºº,,FALSE,,è¨˜éŒ²,,,
60b35490-fc6d-4a07-9c6e-0f12ac566ec6,ğŸŠ,Swimming freestyle 200m,ç«¶æ³³è‡ªç”±å‹200m,Swimming-freestyle-200m,æ°´æ³³ ã‚¯ãƒ­ãƒ¼ãƒ«,TRUE,FALSE,TRUE,TRUE,TRUE,TRUE,TRUE,FALSE,FALSE,TRUE,TRUE,record,finish,time,FALSE,swimming,ç«¶æ³³,,,,,,,,,,å€‹äºº,,FALSE,,è¨˜éŒ²,,,
2a948236-044e-4b6f-9289-9ca4220f5914,ğŸŠ,Swimming freestyle 400m,ç«¶æ³³è‡ªç”±å‹400m,Swimming-freestyle-400m,æ°´æ³³ ã‚¯ãƒ­ãƒ¼ãƒ«,TRUE,FALSE,TRUE,TRUE,TRUE,TRUE,TRUE,FALSE,FALSE,TRUE,TRUE,record,finish,time,FALSE,swimming,ç«¶æ³³,,,,,,,,,,å€‹äºº,,FALSE,,è¨˜éŒ²,,,
935465cc-6925-4b31-bdac-e77c63095826,ğŸŠ,Swimming freestyle 800m,ç«¶æ³³è‡ªç”±å‹800m,Swimming-freestyle-800m,æ°´æ³³ ã‚¯ãƒ­ãƒ¼ãƒ«,TRUE,FALSE,TRUE,TRUE,TRUE,TRUE,TRUE,FALSE,FALSE,TRUE,TRUE,record,finish,time,FALSE,swimming,ç«¶æ³³,,,,,,,,,,å€‹äºº,,FALSE,,è¨˜éŒ²,,,
992295f1-1b93-4ed7-b0b3-2a5d49d05588,ğŸŠ,Swimming freestyle 1500m,ç«¶æ³³è‡ªç”±å‹1500m,Swimming-freestyle-1500m,æ°´æ³³ ã‚¯ãƒ­ãƒ¼ãƒ«,TRUE,FALSE,TRUE,TRUE,TRUE,TRUE,TRUE,FALSE,FALSE,TRUE,TRUE,record,finish,time,FALSE,swimming,ç«¶æ³³,,,,,,,,,,å€‹äºº,,FALSE,,è¨˜éŒ²,,,
2316f0f2-e178-4dc1-b750-9ac97c3eb1c9,ğŸŠ,competitive backstroke,ç«¶æ³³èƒŒæ³³ã,competitive-backstroke,,TRUE,TRUE,TRUE,TRUE,TRUE,TRUE,FALSE,FALSE,FALSE,FALSE,FALSE,record,finish,,FALSE,swimming,ç«¶æ³³,,,,,,,,,,å€‹äºº,,FALSE,,è¨˜éŒ²,,,
9ed19e9c-3032-4515-b560-50597effc8d9,ğŸŠ,Competitive backstroke 50m,ç«¶æ³³èƒŒæ³³ã50m,Competitive-backstroke-50m,,TRUE,FALSE,TRUE,TRUE,TRUE,TRUE,TRUE,FALSE,FALSE,TRUE,TRUE,record,finish,time,FALSE,swimming,ç«¶æ³³,,,,,,,,,,å€‹äºº,,FALSE,,è¨˜éŒ²,,,
8274b4a8-34ef-4f2a-8326-82e88113db9b,ğŸŠ,Competitive backstroke 100m,ç«¶æ³³èƒŒæ³³ã100m,Competitive-backstroke-100m,,TRUE,FALSE,TRUE,TRUE,TRUE,TRUE,TRUE,FALSE,FALSE,TRUE,TRUE,record,finish,time,FALSE,swimming,ç«¶æ³³,,,,,,,,,,å€‹äºº,,FALSE,,è¨˜éŒ²,,,
12e1964f-1083-4c3b-b61d-28e17ded0ead,ğŸŠ,Competitive backstroke 200m,ç«¶æ³³èƒŒæ³³ã200m,Competitive-backstroke-200m,,TRUE,FALSE,TRUE,TRUE,TRUE,TRUE,TRUE,FALSE,FALSE,TRUE,TRUE,record,finish,time,FALSE,swimming,ç«¶æ³³,,,,,,,,,,å€‹äºº,,FALSE,,è¨˜éŒ²,,,
fd92195a-af36-4c96-9e95-fb7f5cd1336b,ğŸŠ,competitive breaststroke,ç«¶æ³³å¹³æ³³ã,competitive-breaststroke,,TRUE,TRUE,TRUE,TRUE,TRUE,TRUE,FALSE,FALSE,FALSE,FALSE,FALSE,record,finish,,FALSE,swimming,ç«¶æ³³,,,,,,,,,,å€‹äºº,,FALSE,,è¨˜éŒ²,,,
3cb75853-0b60-4cc0-a275-f40f2336326b,ğŸŠ,Competitive breaststroke 50m,ç«¶æ³³å¹³æ³³ã50m,Competitive-breaststroke-50m,,TRUE,FALSE,TRUE,TRUE,TRUE,TRUE,TRUE,FALSE,FALSE,TRUE,TRUE,record,finish,time,FALSE,swimming,ç«¶æ³³,,,,,,,,,,å€‹äºº,,FALSE,,è¨˜éŒ²,,,
333e8b6d-9494-4765-9b81-1257d57df650,ğŸŠ,Competitive breaststroke 100m,ç«¶æ³³å¹³æ³³ã100m,Competitive-breaststroke-100m,,TRUE,FALSE,TRUE,TRUE,TRUE,TRUE,TRUE,FALSE,FALSE,TRUE,TRUE,record,finish,time,FALSE,swimming,ç«¶æ³³,,,,,,,,,,å€‹äºº,,FALSE,,è¨˜éŒ²,,,
68d3c174-3b6c-4902-9a8d-04bc504cdbbd,ğŸŠ,Competitive breaststroke 200m,ç«¶æ³³å¹³æ³³ã200m,Competitive-breaststroke-200m,,TRUE,FALSE,TRUE,TRUE,TRUE,TRUE,TRUE,FALSE,FALSE,TRUE,TRUE,record,finish,time,FALSE,swimming,ç«¶æ³³,,,,,,,,,,å€‹äºº,,FALSE,,è¨˜éŒ²,,,
4809bf3c-671e-4543-99a2-b388a86e211b,ğŸŠ,competitive butterfly swimming,ç«¶æ³³ãƒã‚¿ãƒ•ãƒ©ã‚¤,competitive-butterfly-swimming,,TRUE,TRUE,TRUE,TRUE,TRUE,TRUE,FALSE,FALSE,FALSE,FALSE,FALSE,record,finish,,FALSE,swimming,ç«¶æ³³,,,,,,,,,,å€‹äºº,,FALSE,,è¨˜éŒ²,,,
764984df-e94d-40b7-9db7-e795611fd1c5,ğŸŠ,Competitive butterfly swimming 50m,ç«¶æ³³ãƒã‚¿ãƒ•ãƒ©ã‚¤50m,Competitive-butterfly-swimming-50m,,TRUE,FALSE,TRUE,TRUE,TRUE,TRUE,TRUE,FALSE,FALSE,TRUE,TRUE,record,finish,time,FALSE,swimming,ç«¶æ³³,,,,,,,,,,å€‹äºº,,FALSE,,è¨˜éŒ²,,,
23d933f9-7623-4bc6-bbfa-9040d844719a,ğŸŠ,Competitive butterfly swimming 100m,ç«¶æ³³ãƒã‚¿ãƒ•ãƒ©ã‚¤100m,Competitive-butterfly-swimming-100m,,TRUE,FALSE,TRUE,TRUE,TRUE,TRUE,TRUE,FALSE,FALSE,TRUE,TRUE,record,finish,time,FALSE,swimming,ç«¶æ³³,,,,,,,,,,å€‹äºº,,FALSE,,è¨˜éŒ²,,,
7d191260-733c-435b-b794-a87418c3492a,ğŸŠ,Swimming butterfly 200m,ç«¶æ³³ãƒã‚¿ãƒ•ãƒ©ã‚¤200m,Swimming-butterfly-200m,,TRUE,FALSE,TRUE,TRUE,TRUE,TRUE,TRUE,FALSE,FALSE,TRUE,TRUE,record,finish,time,FALSE,swimming,ç«¶æ³³,,,,,,,,,,å€‹äºº,,FALSE,,è¨˜éŒ²,,,
724c319e-065e-4038-9154-fa8cd45b9ea7,ğŸŠ,swimming individual medley,ç«¶æ³³å€‹äººãƒ¡ãƒ‰ãƒ¬ãƒ¼,swimming-individual-medley,,TRUE,TRUE,TRUE,TRUE,TRUE,TRUE,FALSE,FALSE,FALSE,FALSE,FALSE,record,finish,,FALSE,swimming,ç«¶æ³³,,,,,,,,,,å€‹äºº,,FALSE,,è¨˜éŒ²,,,
2512e26c-71ec-4040-a3aa-17554903f4e6,ğŸŠ,Swimming individual medley 200m,ç«¶æ³³å€‹äººãƒ¡ãƒ‰ãƒ¬ãƒ¼200m,Swimming-individual-medley-200m,,TRUE,FALSE,TRUE,TRUE,TRUE,TRUE,TRUE,FALSE,FALSE,TRUE,TRUE,record,finish,time,FALSE,swimming,ç«¶æ³³,,,,,,,,,,å€‹äºº,,FALSE,,è¨˜éŒ²,,,
c8e15d7e-3dd2-4633-817f-42b57c2d1ff7,ğŸŠ,Swimming individual medley 400m,ç«¶æ³³å€‹äººãƒ¡ãƒ‰ãƒ¬ãƒ¼400m,Swimming-individual-medley-400m,,TRUE,FALSE,TRUE,TRUE,TRUE,TRUE,TRUE,FALSE,FALSE,TRUE,TRUE,record,finish,time,FALSE,swimming,ç«¶æ³³,,,,,,,,,,ãƒãƒ¼ãƒ ,,FALSE,,è¨˜éŒ²,,,
1fb8b7f3-fa1e-4536-bf59-e57c067c1905,ğŸŠ,Swimming free medley,ç«¶æ³³ãƒ•ãƒªãƒ¼ãƒªãƒ¬ãƒ¼,Swimming-free-medley,,TRUE,TRUE,TRUE,TRUE,TRUE,TRUE,FALSE,FALSE,FALSE,FALSE,FALSE,record,finish,,FALSE,swimming,ç«¶æ³³,,,,,,,,,,ãƒãƒ¼ãƒ ,,FALSE,,è¨˜éŒ²,,,
f45a44f2-7e91-482c-afbf-c7bcaa73509d,ğŸŠ,Swimming free medley 400m,ç«¶æ³³ãƒ•ãƒªãƒ¼ãƒªãƒ¬ãƒ¼400m,Swimming-free-medley-400m,,TRUE,FALSE,TRUE,TRUE,TRUE,TRUE,FALSE,FALSE,TRUE,TRUE,TRUE,record,finish,time,FALSE,swimming,ç«¶æ³³,,,,,,,,,,ãƒãƒ¼ãƒ ,,FALSE,,è¨˜éŒ²,,,
26001435-921b-49b9-a93d-e181a65204ee,ğŸŠ,Swimming free medley 800m,ç«¶æ³³ãƒ•ãƒªãƒ¼ãƒªãƒ¬ãƒ¼800m,Swimming-free-medley-800m,,TRUE,FALSE,TRUE,TRUE,TRUE,TRUE,FALSE,FALSE,TRUE,TRUE,TRUE,record,finish,time,FALSE,swimming,ç«¶æ³³,,,,,,,,,,ãƒãƒ¼ãƒ ,,FALSE,,è¨˜éŒ²,,,
0dae9527-127d-4153-9fc9-cdcde3eb1639,ğŸŠ,swimming medley relay,ç«¶æ³³ãƒ¡ãƒ‰ãƒ¬ãƒ¼ãƒªãƒ¬ãƒ¼,swimming-medley-relay,,TRUE,TRUE,TRUE,TRUE,TRUE,TRUE,FALSE,TRUE,FALSE,FALSE,FALSE,record,finish,,FALSE,swimming,ç«¶æ³³,,,,,,,,,,ãƒãƒ¼ãƒ ,,FALSE,,è¨˜éŒ²,,,
4202d83d-497e-48fe-afef-38f3c1881587,ğŸŠ,Swimming medley relay 400m,ç«¶æ³³ãƒ¡ãƒ‰ãƒ¬ãƒ¼ãƒªãƒ¬ãƒ¼400m,Swimming-medley-relay-400m,,TRUE,FALSE,TRUE,TRUE,TRUE,TRUE,FALSE,TRUE,TRUE,TRUE,TRUE,record,finish,time,FALSE,swimming,ç«¶æ³³,,,,,,,,,,ãƒãƒ¼ãƒ ,,FALSE,,è¨˜éŒ²,,,
99bbd40c-674d-4dc8-8647-038964e569d6,ğŸŠ,Swimming medley relay 400m,ç«¶æ³³ãƒ¡ãƒ‰ãƒ¬ãƒ¼ãƒªãƒ¬ãƒ¼800m,Swimming-medley-relay-800m,,TRUE,FALSE,TRUE,TRUE,TRUE,TRUE,FALSE,TRUE,TRUE,TRUE,TRUE,record,finish,time,FALSE,swimming,ç«¶æ³³,,,,,,,,,,ãƒãƒ¼ãƒ ,,FALSE,,è¨˜éŒ²,,,
7647e121-6843-4258-a3b7-aa21aceda0c5,ğŸŠ,Swimming mixed free relay,ç«¶æ³³ç”·å¥³æ··åˆãƒ•ãƒªãƒ¼ãƒªãƒ¬ãƒ¼,Swimming-mixed-free-relay,,TRUE,TRUE,TRUE,TRUE,TRUE,TRUE,FALSE,TRUE,FALSE,FALSE,FALSE,record,finish,,FALSE,swimming,ç«¶æ³³,,,,,,,,,,ãƒãƒ¼ãƒ ,,FALSE,,è¨˜éŒ²,,,
c53957f5-b217-4e1f-b632-19dfc9125f78,ğŸŠ,Swimming mixed free relay 400m,ç«¶æ³³ç”·å¥³æ··åˆãƒ•ãƒªãƒ¼ãƒªãƒ¬ãƒ¼400m,Swimming-mixed-free-relay-400m,,TRUE,FALSE,TRUE,TRUE,TRUE,TRUE,FALSE,TRUE,TRUE,TRUE,TRUE,record,finish,time,FALSE,swimming,ç«¶æ³³,,,,,,,,,,ãƒãƒ¼ãƒ ,,FALSE,,è¨˜éŒ²,,,
60506b0c-77f5-4586-bfff-cd068605e21a,ğŸŠ,Swimming mixed medley relay,ç«¶æ³³ç”·å¥³æ··åˆãƒ¡ãƒ‰ãƒ¬ãƒ¼ãƒªãƒ¬ãƒ¼,Swimming-mixed-medley-relay,,TRUE,TRUE,TRUE,TRUE,TRUE,TRUE,FALSE,TRUE,FALSE,FALSE,FALSE,record,finish,,FALSE,swimming,ç«¶æ³³,,,,,,,,,,ãƒãƒ¼ãƒ ,,FALSE,,è¨˜éŒ²,,,
12b0bfe9-73cc-4376-b53c-a1404c7fc733,ğŸŠ,Swimming mixed medley relay 400m,ç«¶æ³³ç”·å¥³æ··åˆãƒ¡ãƒ‰ãƒ¬ãƒ¼ãƒªãƒ¬ãƒ¼400m,Swimming-mixed-medley-relay-400m,,TRUE,FALSE,TRUE,TRUE,TRUE,TRUE,FALSE,TRUE,TRUE,TRUE,TRUE,record,finish,time,FALSE,swimming,ç«¶æ³³,,,,,,,,,,,,FALSE/TRUE(ã‚ã‚‹ã‹ã‚‚?TODO),,å¯©åˆ¤æ¡ç‚¹,,,
3a510d47-59e8-476a-8bca-f833a365d987,ğŸ¬,diving,é£›è¾¼ç«¶æŠ€,diving,,TRUE,TRUE,TRUE,TRUE,TRUE,TRUE,FALSE,FALSE,FALSE,FALSE,FALSE,judgement,"finish, count",,TRUE,swimming,é£›è¾¼,,,,,,,,,,å€‹äºº,,FALSE,,å¯©åˆ¤æ¡ç‚¹,,,
46ec81cf-1425-40b7-9839-07e3d486bc64,ğŸ¬,3m board jumping included,3mâ¾¶æ¿â¾¶è¾¼,3m-board-jumping-included,,TRUE,TRUE,TRUE,TRUE,TRUE,TRUE,TRUE,FALSE,FALSE,TRUE,TRUE,judgement,"finish, count",,TRUE,swimming,é£›è¾¼,,,,,,,,,,å€‹äºº,,FALSE,,å¯©åˆ¤æ¡ç‚¹,,,
05a16297-58d7-4881-b165-41f305767ee0,ğŸ¬,high diving,é«˜é£›è¾¼,high-diving,,TRUE,TRUE,TRUE,TRUE,TRUE,TRUE,TRUE,FALSE,FALSE,TRUE,TRUE,judgement,"finish, count",,TRUE,swimming,é£›è¾¼,,,,,,,,,,ãƒãƒ¼ãƒ ,,FALSE,,å¯©åˆ¤æ¡ç‚¹,,,
85ab50dd-2010-46c4-8a70-ef900c9cb1b7,ğŸ¬,synchronized diving,ã‚·ãƒ³ã‚¯ãƒ­ãƒŠã‚¤ã‚ºãƒ‰ãƒ€ã‚¤ãƒ“ãƒ³ã‚°,synchronized-diving,,TRUE,TRUE,TRUE,TRUE,TRUE,TRUE,TRUE,TRUE,FALSE,TRUE,TRUE,judgement,"finish, count",,TRUE,swimming,é£›è¾¼,ã‚·ãƒ³ã‚¯ãƒ­ãƒŠã‚¤ã‚ºãƒ‰ãƒ€ã‚¤ãƒ“ãƒ³ã‚°,,,,,,,,,ãƒãƒ¼ãƒ ,,FALSE,,å¯©åˆ¤æ¡ç‚¹,,,
34f847ea-5fdd-4165-95df-2d65d1ca3ecf,ğŸ¬,3m synchronized diving,3mã‚·ãƒ³ã‚¯ãƒ­ãƒŠã‚¤ã‚ºãƒ‰ãƒ€ã‚¤ãƒ“ãƒ³ã‚°,3m-synchronized-diving,,TRUE,TRUE,TRUE,TRUE,TRUE,TRUE,TRUE,TRUE,TRUE,TRUE,TRUE,judgement,"finish, count",,TRUE,swimming,é£›è¾¼,ã‚·ãƒ³ã‚¯ãƒ­ãƒŠã‚¤ã‚ºãƒ‰ãƒ€ã‚¤ãƒ“ãƒ³ã‚°,,,,,,,,,ãƒãƒ¼ãƒ ,,FALSE,,å¯©åˆ¤æ¡ç‚¹,,,
5cc8a741-103a-4e10-80b3-67b6ca420c9f,ğŸ¬,10m synchronized diving,10mã‚·ãƒ³ã‚¯ãƒ­ãƒŠã‚¤ã‚ºãƒ‰ãƒ€ã‚¤ãƒ“ãƒ³ã‚°,10m-synchronized-diving,,TRUE,TRUE,TRUE,TRUE,TRUE,TRUE,TRUE,TRUE,TRUE,TRUE,TRUE,judgement,"finish, count",,TRUE,swimming,é£›è¾¼,ã‚·ãƒ³ã‚¯ãƒ­ãƒŠã‚¤ã‚ºãƒ‰ãƒ€ã‚¤ãƒ“ãƒ³ã‚°,,,,,,,,,å€‹äºº,,FALSE,,å¯©åˆ¤æ¡ç‚¹,,,
41350301-dfd3-4bd1-adfa-eb312260622d,ğŸ¬,1m springboard diving,1mé£›æ¿é£›è¾¼,1m-springboard-diving,,TRUE,TRUE,TRUE,TRUE,TRUE,TRUE,TRUE,FALSE,FALSE,TRUE,TRUE,judgement,"finish, count",,TRUE,swimming,é£›è¾¼,,,,,,,,,,å€‹äºº,,FALSE,,å¯©åˆ¤æ¡ç‚¹,,,
dc89d3d4-1cec-4bd9-aab0-8f1fcf13f49c,ğŸ¬,springboard diving,é£›æ¿é£›è¾¼,springboard-diving,,TRUE,TRUE,TRUE,TRUE,TRUE,TRUE,TRUE,FALSE,FALSE,TRUE,TRUE,judgement,"finish, count",,TRUE,swimming,é£›è¾¼,,,,,,,,,,ãƒãƒ¼ãƒ ,,TRUE/FALSE(ã‚ã‚‹ã‹ã‚‚TODO),,å¯©åˆ¤æ¡ç‚¹,,,
edf9445c-1e38-4ccc-987a-a913c7031bc9,ğŸ¬,artistic swimming,ã‚¢ãƒ¼ãƒ†ã‚£ã‚¹ãƒ†ã‚£ãƒƒã‚¯ã‚¹ã‚¤ãƒŸãƒ³ã‚°,artistic-swimming,ã‚·ãƒ³ã‚¯ãƒ­ãƒŠã‚¤ã‚ºãƒ‰ã‚¹ã‚¤ãƒŸãƒ³ã‚°,TRUE,TRUE,TRUE,TRUE,TRUE,TRUE,FALSE,FALSE,FALSE,FALSE,FALSE,judgement,finish,,FALSE,swimming,ã‚¢ãƒ¼ãƒ†ã‚£ã‚¹ãƒ†ã‚£ãƒƒã‚¯ã‚¹ã‚¤ãƒŸãƒ³ã‚°,,,,,,,,,,å€‹äºº,,FALSE,,å¯©åˆ¤æ¡ç‚¹,,,
b1c91935-5927-4712-bad7-b35c6d83f0d8,ğŸ¬,artistic swimming solo,ã‚¢ãƒ¼ãƒ†ã‚£ã‚¹ãƒ†ã‚£ãƒƒã‚¯ã‚¹ã‚¤ãƒŸãƒ³ã‚° ã‚½ãƒ­,artistic-swimming-solo,ã‚·ãƒ³ã‚¯ãƒ­ãƒŠã‚¤ã‚ºãƒ‰ã‚¹ã‚¤ãƒŸãƒ³ã‚°,TRUE,TRUE,TRUE,TRUE,TRUE,TRUE,TRUE,FALSE,FALSE,TRUE,FALSE,judgement,finish,,FALSE,swimming,ã‚¢ãƒ¼ãƒ†ã‚£ã‚¹ãƒ†ã‚£ãƒƒã‚¯ã‚¹ã‚¤ãƒŸãƒ³ã‚°,,,,,,,,,,ãƒãƒ¼ãƒ ,,FALSE,,å¯©åˆ¤æ¡ç‚¹,,,
1f7728d0-9e43-4476-b84a-3be8366cb0a7,ğŸ¬,artistic swimming duet,ã‚¢ãƒ¼ãƒ†ã‚£ã‚¹ãƒ†ã‚£ãƒƒã‚¯ã‚¹ã‚¤ãƒŸãƒ³ã‚° ãƒ‡ãƒ¥ã‚¨ãƒƒãƒˆ,artistic-swimming-duet,ã‚·ãƒ³ã‚¯ãƒ­ãƒŠã‚¤ã‚ºãƒ‰ã‚¹ã‚¤ãƒŸãƒ³ã‚°,TRUE,TRUE,TRUE,TRUE,TRUE,TRUE,FALSE,TRUE,TRUE,TRUE,FALSE,judgement,finish,,FALSE,swimming,ã‚¢ãƒ¼ãƒ†ã‚£ã‚¹ãƒ†ã‚£ãƒƒã‚¯ã‚¹ã‚¤ãƒŸãƒ³ã‚°,,,,,,,,,,ãƒãƒ¼ãƒ ,,FALSE,,å¯©åˆ¤æ¡ç‚¹,,,
c551e88c-7472-48ef-8851-cc638f3c80fb,ğŸ¬,artistic swimming team,ã‚¢ãƒ¼ãƒ†ã‚£ã‚¹ãƒ†ã‚£ãƒƒã‚¯ã‚¹ã‚¤ãƒŸãƒ³ã‚° ãƒãƒ¼ãƒ ,artistic-swimming-team,ã‚·ãƒ³ã‚¯ãƒ­ãƒŠã‚¤ã‚ºãƒ‰ã‚¹ã‚¤ãƒŸãƒ³ã‚°,TRUE,TRUE,TRUE,TRUE,TRUE,TRUE,FALSE,TRUE,TRUE,TRUE,FALSE,judgement,finish,,FALSE,swimming,ã‚¢ãƒ¼ãƒ†ã‚£ã‚¹ãƒ†ã‚£ãƒƒã‚¯ã‚¹ã‚¤ãƒŸãƒ³ã‚°,,,,,,,,,,ãƒãƒ¼ãƒ ,,FALSE,,å¯©åˆ¤æ¡ç‚¹,,,
4c18a1c1-38d8-4089-96bf-5df01988c850,ğŸ¬,Artistic swimming free combination,ã‚¢ãƒ¼ãƒ†ã‚£ã‚¹ãƒ†ã‚£ãƒƒã‚¯ã‚¹ã‚¤ãƒŸãƒ³ã‚° ãƒ•ãƒªãƒ¼ã‚³ãƒ³ãƒ“ãƒãƒ¼ã‚·ãƒ§ãƒ³,Artistic-swimming-free-combination,ã‚·ãƒ³ã‚¯ãƒ­ãƒŠã‚¤ã‚ºãƒ‰ã‚¹ã‚¤ãƒŸãƒ³ã‚°,TRUE,TRUE,TRUE,TRUE,TRUE,TRUE,FALSE,TRUE,TRUE,TRUE,FALSE,judgement,finish,,FALSE,swimming,ã‚¢ãƒ¼ãƒ†ã‚£ã‚¹ãƒ†ã‚£ãƒƒã‚¯ã‚¹ã‚¤ãƒŸãƒ³ã‚°,,,,,,,,,,ãƒãƒ¼ãƒ ,,FALSE,,å¯©åˆ¤æ¡ç‚¹,,,
a6554bb1-c7da-4869-9646-a5bca7570e9d,ğŸ¬,Artistic swimming highlight routine,ã‚¢ãƒ¼ãƒ†ã‚£ã‚¹ãƒ†ã‚£ãƒƒã‚¯ã‚¹ã‚¤ãƒŸãƒ³ã‚° ã‚¢ã‚¯ãƒ­ãƒãƒ†ã‚£ãƒƒã‚¯ãƒ«ãƒ¼ãƒ†ã‚£ãƒ³,Artistic-swimming-highlight-routine,ãƒã‚¤ãƒ©ã‚¤ãƒˆãƒ«ãƒ¼ãƒ†ã‚£ãƒ³,TRUE,TRUE,TRUE,TRUE,TRUE,TRUE,FALSE,TRUE,TRUE,TRUE,FALSE,judgement,finish,,FALSE,swimming,ã‚¢ãƒ¼ãƒ†ã‚£ã‚¹ãƒ†ã‚£ãƒƒã‚¯ã‚¹ã‚¤ãƒŸãƒ³ã‚°,,,,,,,,,,ãƒãƒ¼ãƒ ,,TRUE/FALSE(ã‚ã‚‹ã‹ã‚‚TODO),,å¾—ç‚¹,,,
1f3d3dbd-18cc-4c7f-abb0-8bed95a0a62f,ğŸ¤½,water polo,æ°´çƒ,water-polo,,TRUE,TRUE,TRUE,TRUE,TRUE,TRUE,FALSE,TRUE,TRUE,TRUE,FALSE,point,time,,FALSE,swimming,æ°´çƒ,,,,,,,,,,å€‹äºº,,TRUE/FALSE(ã‚ã‚‹ã‹ã‚‚TODO),,è¨˜éŒ²,,,
7c28a9a5-8b71-42e9-95a0-9bec13b37f61,ğŸŠ,open water swimming,ã‚ªãƒ¼ãƒ—ãƒ³ã‚¦ã‚©ãƒ¼ã‚¿ãƒ¼ã‚¹ã‚¤ãƒŸãƒ³ã‚°,open-water-swimming,,TRUE,TRUE,TRUE,TRUE,TRUE,TRUE,TRUE,FALSE,FALSE,TRUE,FALSE,record,finish,,FALSE,swimming,ã‚ªãƒ¼ãƒ—ãƒ³ã‚¦ã‚©ãƒ¼ã‚¿ãƒ¼ã‚¹ã‚¤ãƒŸãƒ³ã‚°,,,,,,,,,,å€‹äººï¼ˆå›£ä½“æˆ¦ã‚ã‚Šï¼‰,,TRUE,,å¾—ç‚¹,,,
88434cd8-10ee-43e3-8bc8-1200611b61bf,âš”ï¸,kendo,å‰£é“,kendo,,TRUE,TRUE,TRUE,TRUE,TRUE,TRUE,TRUE,TRUE,TRUE,TRUE,FALSE,"judgement, point",time,,FALSE,martial arts,,,,,,,,,,,å€‹äººï¼ˆå›£ä½“æˆ¦ã‚ã‚Šï¼‰,,TRUE,,å¾—ç‚¹,,,
b3ed249c-92b2-4693-ada7-30747065adb8,ğŸ¥‹,judo,æŸ”é“,judo,,TRUE,TRUE,TRUE,TRUE,TRUE,TRUE,TRUE,TRUE,TRUE,TRUE,FALSE,"judgement, point",time,,FALSE,martial arts,,,,,,,,,,,å€‹äººï¼ˆå›£ä½“æˆ¦ã‚ã‚Šï¼‰,,TRUE,,"å¾—ç‚¹, å¯©åˆ¤æ¡ç‚¹(å‹)",,,
48a12f6b-02d5-4428-b6e2-8543fe262d2a,ğŸ¥‹,karate,ç©ºæ‰‹,karate,,TRUE,TRUE,TRUE,TRUE,TRUE,TRUE,FALSE,TRUE,FALSE,FALSE,FALSE,judgement,,,TRUE,martial arts,,,,,,,,,,,å€‹äººï¼ˆå›£ä½“æˆ¦ã‚ã‚Šï¼‰,,TRUE,,å¾—ç‚¹,,,
bc4d29c2-92fb-40e1-82d1-604a46bf7edb,ğŸ¥‹,karate kata,ç©ºæ‰‹ å½¢,karate-kata,,TRUE,TRUE,TRUE,TRUE,TRUE,TRUE,TRUE,TRUE,TRUE,TRUE,FALSE,judgement,finish,,FALSE,martial arts,,,,,,,,,,,å€‹äººï¼ˆå›£ä½“æˆ¦ã‚ã‚Šï¼‰,,TRUE,,å¾—ç‚¹,,,
d8cf6c3e-4385-401c-9f4b-603dcac10e19,ğŸ¥‹,karate kumite,ç©ºæ‰‹ çµ„æ‰‹,karate-kumite,,TRUE,TRUE,TRUE,TRUE,TRUE,TRUE,TRUE,TRUE,TRUE,TRUE,FALSE,judgement,time,,TRUE,martial arts,,,,,,,,,,,å€‹äººï¼ˆå›£ä½“æˆ¦ã‚ã‚Šï¼‰,,TRUE,,å¾—ç‚¹,,,
0ca6c390-7feb-4931-8ab3-3808518dc960,ğŸ¹,Kyudo,å¼“é“,Kyudo,,TRUE,TRUE,TRUE,TRUE,TRUE,TRUE,TRUE,TRUE,TRUE,TRUE,FALSE,point,count,,FALSE,martial arts,,,,,,,,,,,å€‹äººï¼ˆå›£ä½“æˆ¦ã‚ã‚Šï¼‰,,TRUE,,å‹æ•—,,,
b1546a2d-5391-4bea-9fb8-d6708739f0b4,ğŸ’ª,Sumo,ç›¸æ’²,Sumo,,TRUE,TRUE,TRUE,TRUE,TRUE,TRUE,TRUE,TRUE,TRUE,TRUE,FALSE,survival,survival,,TRUE,martial arts,,,,,,,,,,,å€‹äººï¼ˆå›£ä½“æˆ¦ã‚ã‚Šï¼‰,,TRUE,,å¾—ç‚¹,,,
28dbc559-12de-4c03-86ad-9a8aa2598e16,ğŸ—¡ï¸,naginata,è–™åˆ€,naginata,,TRUE,TRUE,TRUE,TRUE,TRUE,TRUE,TRUE,TRUE,TRUE,TRUE,FALSE,point,time,,FALSE,martial arts,,,,,,,,,,,,,,,,,,å›£ä½“æˆ¦ã¯ãƒãƒ¼ãƒ ã¨ã—ã¦å‡¦ç†
4c20d128-dd36-4cfa-9676-3a726b542397,ğŸ¤¼,wrestling,ãƒ¬ã‚¹ãƒªãƒ³ã‚°,wrestling,,FALSE,TRUE,TRUE,TRUE,TRUE,FALSE,FALSE,FALSE,FALSE,FALSE,FALSE,judgement,,,FALSE,,,,,,,,,,,,å€‹äººï¼ˆå›£ä½“æˆ¦ã‚ã‚Šï¼‰,,TRUE,,å¾—ç‚¹,,,
0ec70f82-392b-4f34-af8c-a43b7d4ccfc0,ğŸ¤¼,wrestling freestyle,ãƒ¬ã‚¹ãƒªãƒ³ã‚° ãƒ•ãƒªãƒ¼ã‚¹ã‚¿ã‚¤ãƒ«,wrestling-freestyle,,TRUE,TRUE,TRUE,TRUE,TRUE,TRUE,TRUE,TRUE,TRUE,TRUE,FALSE,"judgement, point",time,,FALSE,martial arts,,,,,,,,,,,,,,,,,,
b600d601-b705-4227-b73e-06aee461604d,ğŸ¤¼,wrestling greco roman,ãƒ¬ã‚¹ãƒªãƒ³ã‚° ã‚°ãƒ¬ã‚³ãƒ­ãƒ¼ãƒãƒ³,wrestling-greco-roman,,TRUE,TRUE,TRUE,TRUE,TRUE,TRUE,TRUE,TRUE,TRUE,TRUE,FALSE,"point, judgement",time,,FALSE,,,,,,,,,,,,å€‹äººï¼ˆå›£ä½“æˆ¦ã‚ã‚Šï¼‰,,TRUE,,å¾—ç‚¹,,,
64ad1eef-671e-46dc-a5ea-ac47528d6f0f,ğŸ¤º,fencing,ãƒ•ã‚§ãƒ³ã‚·ãƒ³ã‚°,fencing,,TRUE,TRUE,TRUE,TRUE,TRUE,TRUE,FALSE,TRUE,FALSE,FALSE,FALSE,point,,,FALSE,martial arts,,,,,,,,,,,å€‹äººï¼ˆå›£ä½“æˆ¦ã‚ã‚Šï¼‰,,TRUE,,å¾—ç‚¹,,,
ed1005d4-96e2-45ec-af1a-732fe2db650f,ğŸ¤º,fencing Epee,ãƒ•ã‚§ãƒ³ã‚·ãƒ³ã‚° ã‚¨ãƒš,fencing-epee,,TRUE,TRUE,TRUE,TRUE,TRUE,TRUE,TRUE,TRUE,TRUE,TRUE,FALSE,point,time,,FALSE,martial arts,,,,,,,,,,,å€‹äººï¼ˆå›£ä½“æˆ¦ã‚ã‚Šï¼‰,,TRUE,,å¾—ç‚¹,,,
a9aad0ec-431d-4b2c-921e-064e2a5497b4,ğŸ¤º,fencing foil,ãƒ•ã‚§ãƒ³ã‚·ãƒ³ã‚° ãƒ•ãƒ«ãƒ¼ãƒ¬,fencing-foil,,TRUE,TRUE,TRUE,TRUE,TRUE,TRUE,TRUE,TRUE,TRUE,TRUE,FALSE,point,time,,FALSE,martial arts,,,,,,,,,,,å€‹äººï¼ˆå›£ä½“æˆ¦ã‚ã‚Šï¼‰,,TRUE,,å¾—ç‚¹,,,
7affc5ad-b4b0-4c5c-8416-89b6e0dac3bd,ğŸ¤º,fencing Sabre,ãƒ•ã‚§ãƒ³ã‚·ãƒ³ã‚° ã‚µãƒ¼ãƒ–ãƒ«,fencing-sabre,,TRUE,TRUE,TRUE,TRUE,TRUE,TRUE,TRUE,TRUE,TRUE,TRUE,FALSE,point,time,,FALSE,martial arts,,,,,,,,,,,å€‹äººï¼ˆå›£ä½“æˆ¦ã‚ã‚Šï¼‰,,TRUE,,å¾—ç‚¹,,,
85d79761-e4c3-455f-bce6-16e5150cd756,ğŸ¹,archery,ã‚¢ãƒ¼ãƒã‚§ãƒªãƒ¼,archery,,TRUE,TRUE,TRUE,TRUE,TRUE,TRUE,TRUE,TRUE,TRUE,TRUE,TRUE,point,finish,,FALSE,archery,,,,,,,,,,,å€‹äººï¼ˆå›£ä½“æˆ¦ã‚ã‚Šï¼‰,,TRUE,,å¾—ç‚¹,,,
6f0d9d27-e47e-4db0-a55b-48b6c055a71b,ğŸ”«,shooting,å°„æ’ƒ,shooting,,TRUE,TRUE,TRUE,TRUE,TRUE,TRUE,TRUE,FALSE,FALSE,FALSE,FALSE,point,finish,,FALSE,shooting,,,,,,,,,,,å€‹äººï¼ˆå›£ä½“æˆ¦ã‚ã‚Šï¼‰,,TRUE,,å¾—ç‚¹(é¦¬è¡“)ã€è¨˜éŒ²(ç«¶é¦¬),,,
6a3776fb-6799-4715-8876-107fbbcc77c0,ğŸ”«,rifle shooting,ãƒ©ã‚¤ãƒ•ãƒ«å°„æ’ƒ,rifle shooting,,TRUE,TRUE,TRUE,TRUE,TRUE,TRUE,TRUE,FALSE,FALSE,TRUE,TRUE,point,finish,,FALSE,rifle shooting,,,,,,,,,,,,,,,,,,
71b95292-bdc1-4c48-bff4-172b09bca95c,ğŸ”«,clay shooting,ã‚¯ãƒ¬ãƒ¼å°„æ’ƒ,clay shooting,,TRUE,TRUE,TRUE,TRUE,TRUE,TRUE,TRUE,FALSE,FALSE,TRUE,TRUE,point,finish,,FALSE,clay shooting,,,,,,,,,,,,,,,,,,
f0102de8-5f40-42c9-954a-90ad56ad07c6,ğŸ,horse riding,ä¹—é¦¬,horse-riding,,TRUE,TRUE,TRUE,TRUE,TRUE,TRUE,TRUE,TRUE,FALSE,FALSE,FALSE,none (recreation),,,FALSE,horse riding,,,,,,,,,,,,,,,,,,
a4b04e9a-732c-49e1-969e-6432ce0c180c,ğŸ,equestrian competition,é¦¬è¡“ç«¶æŠ€,equestrian-competition,,TRUE,TRUE,TRUE,TRUE,TRUE,TRUE,TRUE,TRUE,TRUE,TRUE,FALSE,judgement,finish,,FALSE,equestrian competition,,,,,,,,,,,,,,,,,,
70a20e51-ad3e-4752-87f9-169f41aafff1,ğŸ,horse racing,ç«¶é¦¬,horse-racing,,TRUE,TRUE,TRUE,TRUE,TRUE,TRUE,TRUE,TRUE,TRUE,TRUE,FALSE,record,finish,,FALSE,horse racing,,,,,,,,,,,å€‹äººãƒ»ãƒãƒ¼ãƒ ãƒ»å›£ä½“æˆ¦,,TRUE,,å¯©åˆ¤æ¡ç‚¹,,,
3a91e8b6-c8a4-47f3-88cf-ada2a226b4a4,ğŸ¤¸,rhythmic gymnastics,æ–°ä½“æ“,rhythmic-gymnastics,,TRUE,TRUE,TRUE,TRUE,TRUE,TRUE,TRUE,TRUE,TRUE,TRUE,FALSE,judgement,finish,point,TRUE,gymnastics,,,,,,,,,,,å€‹äººãƒ»ãƒãƒ¼ãƒ ãƒ»å›£ä½“æˆ¦,,TRUE,,å¯©åˆ¤æ¡ç‚¹,,,
b4938e4d-c6bf-4cdb-8efc-222644bfe237,ğŸ¤¸,gymnastics,ä½“æ“,gymnastics,,TRUE,TRUE,TRUE,TRUE,TRUE,TRUE,FALSE,TRUE,FALSE,FALSE,FALSE,judgement,finish,point,TRUE,gymnastics,,,,,,,,,,,,,FALSE,,å¯©åˆ¤æ¡ç‚¹,,,
d2588c68-02b8-4b1c-9032-aee39c80e421,ğŸ¤¸,vaulting box,è·³ã³ç®±,vaulting-box,,TRUE,TRUE,TRUE,TRUE,TRUE,TRUE,TRUE,TRUE,TRUE,TRUE,FALSE,judgement,finish,point,TRUE,gymnastics,,,,,,,,,,,,,FALSE,,å¯©åˆ¤æ¡ç‚¹,,,
fe52a2e8-6d6e-4e76-8710-6c71ced99f0a,ğŸ¤¸,Yuka,ã‚†ã‹,Yuka,,TRUE,TRUE,TRUE,TRUE,TRUE,TRUE,TRUE,TRUE,TRUE,TRUE,FALSE,judgement,finish,point,TRUE,gymnastics,,,,,,,,,,,,,FALSE,,å¯©åˆ¤æ¡ç‚¹,,,
b863ac55-9827-4194-a9ca-48c8fdcf5ffd,ğŸ¤¸,Pommel horse,ã‚ã‚“é¦¬,Pommel-horse,,TRUE,TRUE,TRUE,TRUE,TRUE,TRUE,TRUE,TRUE,TRUE,TRUE,FALSE,judgement,finish,point,TRUE,gymnastics,,,,,,,,,,,,,FALSE,,å¯©åˆ¤æ¡ç‚¹,,,
bbaf11d2-a3a5-4ab1-9808-a4dbf75eb468,ğŸ¤¸,strap,åŠã‚Šé©,strap,,TRUE,TRUE,TRUE,TRUE,TRUE,TRUE,TRUE,TRUE,TRUE,TRUE,FALSE,judgement,finish,point,TRUE,gymnastics,,,,,,,,,,,,,TRUE,,å¯©åˆ¤æ¡ç‚¹,,,
5ac2e5df-a134-4541-84da-9ce59537128d,ğŸ¤¸,trampoline,ãƒˆãƒ©ãƒ³ãƒãƒªãƒ³,trampoline,,TRUE,TRUE,TRUE,TRUE,TRUE,TRUE,TRUE,TRUE,TRUE,TRUE,FALSE,judgement,finish,point,TRUE,gymnastics,,,,,,,,,,,,,TRUE,,å¯©åˆ¤æ¡ç‚¹,,,
cb4d7cc9-9cd2-4a59-af54-202f10a3fb4f,ğŸ•º,dance,ãƒ€ãƒ³ã‚¹,dance,,TRUE,TRUE,TRUE,TRUE,TRUE,TRUE,TRUE,TRUE,TRUE,FALSE,FALSE,judgement,finish,,FALSE,dance,,,,,,,,,,,,,TRUE,,å¯©åˆ¤æ¡ç‚¹,,,
d51582d2-157d-4ffc-85d3-92cf2344193e,ğŸ•º,breaking,ãƒ–ãƒ¬ã‚¤ã‚­ãƒ³,breaking,ãƒ–ãƒ¬ã‚¤ã‚¯ãƒ€ãƒ³ã‚¹,TRUE,TRUE,TRUE,TRUE,TRUE,TRUE,TRUE,TRUE,TRUE,TRUE,FALSE,judgement,finish,,FALSE,dance,,,,,,,,,,,,,TRUE,,å¯©åˆ¤æ¡ç‚¹,,,
ea24dada-56f9-4aff-9338-c8d622714011,ğŸ©°,ballet,ãƒãƒ¬ã‚¨,ballet,,TRUE,TRUE,TRUE,TRUE,TRUE,TRUE,TRUE,TRUE,TRUE,TRUE,FALSE,judgement,finish,,FALSE,dance,ballet,,,,,,,,,,,,TRUE,,"è¨˜éŒ², ã¾ãŸã¯å‹æ•—ãªã—(ãƒ¬ã‚¯ãƒªã‚¨ãƒ¼ã‚·ãƒ§ãƒ³)",,,
7cfe79f6-e219-4ff5-b0c6-8d1fab3c20cd,ğŸƒ,running,ãƒ©ãƒ³ãƒ‹ãƒ³ã‚°,running,,TRUE,TRUE,TRUE,TRUE,TRUE,FALSE,FALSE,FALSE,FALSE,FALSE,TRUE,none (recreation),,"distance, time, altitude",FALSE,running,,,,,,,,,,,,,TRUE,,"è¨˜éŒ², å‹æ•—ãªã—(ãƒ¬ã‚¯ãƒªã‚¨ãƒ¼ã‚·ãƒ§ãƒ³)",,,
e5742a4f-80fc-4183-92ca-ed29189b23f3,ğŸƒ,walking,ã‚¦ã‚©ãƒ¼ã‚­ãƒ³ã‚°,walking,,TRUE,TRUE,TRUE,TRUE,TRUE,FALSE,FALSE,FALSE,FALSE,FALSE,TRUE,none (recreation),,"distance, time, altitude",FALSE,walking,,,,,,,,,,,,,TRUE,,"è¨˜éŒ², å‹æ•—ãªã—(ãƒ¬ã‚¯ãƒªã‚¨ãƒ¼ã‚·ãƒ§ãƒ³)",,,
3e0d283d-9d80-4377-9b86-36f7d2fc6ba2,â›°ï¸,trekking,ãƒˆãƒ¬ãƒƒã‚­ãƒ³ã‚°,trekking,,TRUE,TRUE,TRUE,TRUE,TRUE,FALSE,FALSE,FALSE,FALSE,FALSE,TRUE,none (recreation),,"distance, time, altitude",FALSE,trekking,,,,,,,,,,,,,TRUE,,"è¨˜éŒ², å‹æ•—ãªã—(ãƒ¬ã‚¯ãƒªã‚¨ãƒ¼ã‚·ãƒ§ãƒ³)",,,
16856174-0354-46b3-9dc0-cdc8569b8974,â›°ï¸,trail running,ãƒˆãƒ¬ã‚¤ãƒ«ãƒ©ãƒ³ãƒ‹ãƒ³ã‚°,trail-running,,TRUE,TRUE,TRUE,TRUE,TRUE,FALSE,FALSE,FALSE,FALSE,TRUE,TRUE,"none (recreation), record",,"distance, time, altitude",FALSE,trail running,,,,,,,,,,,,,TRUE,,"è¨˜éŒ², å‹æ•—ãªã—(ãƒ¬ã‚¯ãƒªã‚¨ãƒ¼ã‚·ãƒ§ãƒ³)",,,
2e8e45de-4698-4660-a228-887a32bf26b1,â›°ï¸,hiking,ãƒã‚¤ã‚­ãƒ³ã‚°,hiking,ç™»å±±,TRUE,TRUE,TRUE,TRUE,TRUE,FALSE,FALSE,FALSE,FALSE,TRUE,TRUE,none (recreation),,"distance, time, altitude",FALSE,hiking,,,,,,,,,,,,,TRUE,,è¨˜éŒ²,,,
71e730e7-9ffc-4970-b28b-9f1d4e1faedf,ğŸƒ,triathlon,ãƒˆãƒ©ã‚¤ã‚¢ã‚¹ãƒ­ãƒ³,triathlon,,TRUE,TRUE,TRUE,TRUE,TRUE,TRUE,TRUE,TRUE,TRUE,TRUE,TRUE,record,finish,"distance, time, altitude",FALSE,triathlon,,,,,,,,,,,,,TRUE,,è¨˜éŒ²,,,
045be75c-e583-4192-8859-bee5091a67a0,ğŸƒ,adventure race,ã‚¢ãƒ‰ãƒ™ãƒ³ãƒãƒ£ãƒ¼ãƒ¬ãƒ¼ã‚¹,adventure-race,,TRUE,TRUE,TRUE,TRUE,TRUE,TRUE,TRUE,TRUE,TRUE,TRUE,TRUE,"record, point",finish,"distance, time, altitude",FALSE,adventure race,,,,,,,,,,,,,,,,,,
81689b6c-3878-4f08-85e9-ac6f2f60daf6,ğŸ¤¸ğŸ¼,aerobics,ã‚¨ã‚¢ãƒ­ãƒ“ã‚¯ã‚¹,aerobics,,TRUE,TRUE,TRUE,TRUE,TRUE,FALSE,FALSE,TRUE,TRUE,TRUE,,"none (recreation), judgement",finish,,FALSE,aerobics,,,,,,,,,,,,,,,,,,
0cd5b080-049c-442d-b599-ab036316ae3f,ğŸ§˜ğŸ»â€â™€ï¸,Pilates,ãƒ”ãƒ©ãƒ†ã‚£ã‚¹,Pilates,,TRUE,TRUE,TRUE,TRUE,TRUE,FALSE,FALSE,FALSE,FALSE,FALSE,FALSE,none (recreation),,,FALSE,Pilates,,,,,,,,,,,,,TRUE,,å‹æ•—ãªã—(ãƒ¬ã‚¯ãƒªã‚¨ãƒ¼ã‚·ãƒ§ãƒ³),,,
b283bea3-8209-4a4f-a6be-2cd256fec0fa,ğŸ§˜,yoga,ãƒ¨ã‚¬,yoga,,TRUE,TRUE,TRUE,TRUE,TRUE,FALSE,FALSE,FALSE,FALSE,FALSE,FALSE,none (recreation),,,FALSE,yoga,,,,,,,,,,,,,TRUE,,è¨˜éŒ²,,,
564e1f7b-0e4f-4a2e-b0a3-0baad12e97f3,ğŸ§—,sport climbing,ã‚¹ãƒãƒ¼ãƒ„ã‚¯ãƒ©ã‚¤ãƒŸãƒ³ã‚°,sport-climbing,,TRUE,TRUE,TRUE,TRUE,TRUE,TRUE,TRUE,TRUE,TRUE,TRUE,,"record, none (recreation)",finish,,FALSE,,,,,,,,,,,,,,TRUE,,è¨˜éŒ²,,,
69d43731-f3ed-42f8-a175-54e7fa13dd4b,ğŸ§—,bouldering,ãƒœãƒ«ãƒ€ãƒªãƒ³ã‚°,bouldering,,TRUE,TRUE,TRUE,TRUE,TRUE,TRUE,TRUE,TRUE,TRUE,TRUE,,"none (recreation), completed",finish,,FALSE,,,,,,,,,,,,,,TRUE,,å¯©åˆ¤æ¡ç‚¹,,,
3b93a4cb-1519-4c8d-8ba9-ca722a986b9b,ğŸ’ª,body building,ãƒœãƒ‡ã‚£ãƒ“ãƒ«,body-building,,TRUE,TRUE,TRUE,TRUE,TRUE,TRUE,TRUE,TRUE,TRUE,TRUE,,judgement,finish,,FALSE,body building,,,,,,,,,,,,,,,,,,
9cc0cc03-1384-4616-b504-ddb12a464222,ğŸ™†,stretch,ã‚¹ãƒˆãƒ¬ãƒƒãƒ,stretch,,TRUE,TRUE,TRUE,TRUE,TRUE,FALSE,FALSE,FALSE,FALSE,FALSE,FALSE,none (recreation),,,FALSE,,,,,,,,,,,,,,TRUE,,,,,
15872cd0-d8db-4140-ae77-3232a201c664,ğŸ¸,padel,ãƒ‘ãƒ‡ãƒ«,padel,,TRUE,TRUE,TRUE,TRUE,TRUE,TRUE,TRUE,TRUE,TRUE,TRUE,FALSE,point,score,,FALSE,padel,,,,,,,,,,,,,TRUE,,,,,
cfabc670-2a30-4a80-aff2-820091f11260,ğŸ¸,squash,ã‚¹ã‚«ãƒƒã‚·ãƒ¥,squash,,TRUE,TRUE,TRUE,TRUE,TRUE,TRUE,TRUE,TRUE,TRUE,TRUE,FALSE,point,score,,FALSE,squash,,,,,,,,,,,,,TRUE,,,,,
1f926578-2edf-44ce-a769-b85afcaac552,ğŸ¸,pickleball,ãƒ”ãƒƒã‚¯ãƒ«ãƒœãƒ¼ãƒ«,pickleball,,TRUE,TRUE,TRUE,TRUE,TRUE,TRUE,TRUE,TRUE,TRUE,TRUE,FALSE,point,score,,FALSE,pickleball,,,,,,,,,,,,,TRUE,,,,,
b998c159-9748-4a01-963c-fb3a21f7b9e5,âš½ï¸,street football,ã‚¹ãƒˆãƒªãƒ¼ãƒˆã‚µãƒƒã‚«ãƒ¼,street-football,,TRUE,TRUE,TRUE,TRUE,TRUE,TRUE,TRUE,TRUE,TRUE,TRUE,FALSE,"none (recreation), point",time,,FALSE,football,,,,,,,,,,,,,TRUE,,,,,
e29e2b79-95e1-4e66-b8d9-5ab1c8a95547,âš½ï¸,freestyle football,ãƒ•ãƒªãƒ¼ã‚¹ã‚¿ã‚¤ãƒ«ãƒ•ãƒƒãƒˆãƒœãƒ¼ãƒ«,freestyle-football,,TRUE,TRUE,TRUE,TRUE,TRUE,TRUE,TRUE,TRUE,TRUE,TRUE,FALSE,"none (recreation), judgement",finish,,FALSE,football,,,,,,,,,,,,,TRUE,,,,,
3b406379-5483-4e01-92ea-6f39baa1ba34,âš½ï¸,beach football,ãƒ“ãƒ¼ãƒã‚µãƒƒã‚«ãƒ¼,beach-football,,TRUE,TRUE,TRUE,TRUE,TRUE,TRUE,TRUE,TRUE,TRUE,TRUE,FALSE,point,time,,FALSE,football,,,,,,,,,,,,,TRUE,,,,,
33b18566-7780-4934-ae68-38b655c15402,âš½ï¸,foot golf,ãƒ•ãƒƒãƒˆã‚´ãƒ«ãƒ•,foot-golf,,TRUE,TRUE,TRUE,TRUE,TRUE,TRUE,TRUE,TRUE,TRUE,TRUE,FALSE,record,count,,FALSE,foot golf,,,,,,,,,,,,,,,,,,
2448f4ad-4290-411b-b32a-90d240ecd4c0,,round net,ãƒ©ã‚¦ãƒ³ãƒ‰ãƒãƒƒãƒˆ,round-net,,TRUE,TRUE,TRUE,TRUE,TRUE,TRUE,TRUE,TRUE,TRUE,TRUE,FALSE,,,,FALSE,,,,,,,,,,,,,,,,,,,
eefd60bd-2410-4ccc-8089-a9518ee7856b,,chuck ball,ãƒãƒ¥ãƒƒã‚¯ãƒœãƒ¼ãƒ«,chuck-ball,,TRUE,TRUE,TRUE,TRUE,TRUE,TRUE,TRUE,TRUE,TRUE,TRUE,FALSE,,,,FALSE,,,,,,,,,,,,,,TRUE,,,,,
fc2879db-95c1-45a6-b384-5fcc87516088,ğŸ›¹,skateboard,ã‚¹ã‚±ãƒ¼ãƒˆãƒœãƒ¼ãƒ‰,skateboard,,TRUE,TRUE,TRUE,TRUE,TRUE,TRUE,TRUE,TRUE,TRUE,TRUE,FALSE,"judgement, completed, none (recreation)",,,FALSE,,,,,,,,,,,,,,TRUE,,,,,
3c85d103-6aa8-406c-b3bd-3c30325d7f0c,ğŸ›¼,inline skates,ã‚¤ãƒ³ãƒ©ã‚¤ãƒ³ã‚¹ã‚±ãƒ¼ãƒˆ,inline-skates,,TRUE,TRUE,TRUE,TRUE,TRUE,TRUE,TRUE,TRUE,TRUE,TRUE,FALSE,,,,FALSE,,,,,,,,,,,,,,TRUE,,,,,
d09a0ea6-3168-4b89-9a69-2007f8226d9c,ğŸƒâ€â™€ï¸,parkour,ãƒ‘ãƒ«ã‚¯ãƒ¼ãƒ«,parkour,,TRUE,TRUE,TRUE,TRUE,TRUE,TRUE,TRUE,TRUE,TRUE,TRUE,FALSE,,,,FALSE,,,,,,,,,,,,,,TRUE,,,,,
48747d51-4082-4578-af94-b315e7284276,ğŸ¯,darts,ãƒ€ãƒ¼ãƒ„,darts,,TRUE,TRUE,TRUE,TRUE,TRUE,TRUE,TRUE,TRUE,TRUE,TRUE,TRUE,record,,,FALSE,,,,,,,,,,,,,,TRUE,,,,,
1e9cb9cd-fc72-4ebb-8e44-74ec69efa243,ğŸ±,billiards,ãƒ“ãƒªãƒ¤ãƒ¼ãƒ‰,billiards,,TRUE,TRUE,TRUE,TRUE,TRUE,TRUE,TRUE,TRUE,TRUE,TRUE,TRUE,,,,FALSE,,,,,,,,,,,,,,TRUE,,,,,
9f36b449-2bf9-472c-8c7f-0fcd6b33df29,ğŸ³,bowling,ãƒœã‚¦ãƒªãƒ³ã‚°,bowling,,TRUE,TRUE,TRUE,TRUE,TRUE,TRUE,TRUE,TRUE,TRUE,TRUE,TRUE,,,,FALSE,,,,,,,,,,,,,,,,,,,
bb3bb8dc-7144-4d4e-a9b7-e61b30d12214,,foosball,ãƒ•ãƒ¼ã‚ºãƒœãƒ¼ãƒ«,foosball,,TRUE,TRUE,TRUE,TRUE,TRUE,TRUE,TRUE,TRUE,TRUE,TRUE,FALSE,,,,FALSE,,,,,,,,,,,,,,TRUE,,,,,
71e2c7fc-86cb-4147-873b-82f620da763f,ğŸ³,Molukku,ãƒ¢ãƒ«ãƒƒã‚¯,Molukku,,TRUE,TRUE,TRUE,TRUE,TRUE,TRUE,TRUE,TRUE,TRUE,TRUE,FALSE,,count,,FALSE,,,,,,,,,,,,,,TRUE,,,,,
7869b5c2-f7d0-46bf-b106-e156938a06f5,ğŸ,dodge ball,ãƒ‰ãƒƒã‚¸ãƒœãƒ¼ãƒ«,dodge-ball,,TRUE,TRUE,TRUE,TRUE,TRUE,TRUE,TRUE,TRUE,TRUE,TRUE,FALSE,,time,,FALSE,,,,,,,,,,,,,,TRUE,,,,,
858dd3e0-864f-46c8-adc8-79c6bf058878,â›³ï¸,ground golf,ã‚°ãƒ©ã‚¦ãƒ³ãƒ‰ã‚´ãƒ«ãƒ•,ground-golf,,TRUE,TRUE,TRUE,TRUE,TRUE,TRUE,TRUE,TRUE,TRUE,TRUE,TRUE,,,,FALSE,,,,,,,,,,,,,,TRUE,,,,,
3ce345d5-6c68-44c2-9024-d6037c220066,ğŸŒï¸â€â™€ï¸,gateball,ã‚²ãƒ¼ãƒˆãƒœãƒ¼ãƒ«,gateball,,TRUE,TRUE,TRUE,TRUE,TRUE,TRUE,TRUE,TRUE,TRUE,TRUE,TRUE,,,,FALSE,,,,,,,,,,,,,,TRUE,,,,,
c9a994c6-0d39-40c3-8b49-54725105ba98,ğŸ¤¿,scuba diving,ã‚¹ã‚­ãƒ¥ãƒ¼ãƒãƒ€ã‚¤ãƒ“ãƒ³ã‚°,scuba-diving,,TRUE,TRUE,TRUE,TRUE,TRUE,TRUE,TRUE,TRUE,TRUE,TRUE,FALSE,,,,FALSE,,,,,,,,,,,,,,TRUE,,,,,
2ffeb121-faa6-426d-b923-b6ee65e001f2,ğŸ¤¿,free diving,ãƒ•ãƒªãƒ¼ãƒ€ã‚¤ãƒ“ãƒ³ã‚°,free-diving,,TRUE,TRUE,TRUE,TRUE,TRUE,TRUE,TRUE,TRUE,TRUE,TRUE,TRUE,record,,,FALSE,,,,,,,,,,,,,,,,,,,
1d310bd7-40ae-4f32-a9a8-f9a357022577,ğŸ„,surfing,ã‚µãƒ¼ãƒ•ã‚£ãƒ³,surfing,,TRUE,TRUE,TRUE,TRUE,TRUE,TRUE,TRUE,TRUE,TRUE,TRUE,FALSE,,,,FALSE,,,,,,,,,,,,,,TRUE,,,,,
027a53d5-a4b7-4169-8e14-90c3b9290eeb,ğŸ„,body board,ãƒœãƒ‡ã‚£ãƒœãƒ¼ãƒ‰,body-board,,TRUE,TRUE,TRUE,TRUE,TRUE,TRUE,TRUE,TRUE,TRUE,TRUE,FALSE,,,,FALSE,,,,,,,,,,,,,,,,,,,
1b2f8bfb-088d-4fa6-962d-5a6363e00c46,ğŸ›¶,rowing,ãƒ­ãƒ¼ã‚¤ãƒ³ã‚°,rowing,,TRUE,TRUE,TRUE,TRUE,TRUE,TRUE,TRUE,TRUE,TRUE,TRUE,FALSE,,,,FALSE,,,,,,,,,,,,,,,,,,,
27a7a451-66d8-47d6-8589-b5ebd32fb1c4,ğŸ›¶,canoe,ã‚«ãƒŒãƒ¼,canoe,,TRUE,TRUE,TRUE,TRUE,TRUE,TRUE,TRUE,TRUE,TRUE,TRUE,FALSE,,,,FALSE,,,,,,,,,,,,,,,,,,,
08980caf-5338-461d-834c-189ed3fc781c,ğŸ›¶,kayak,ã‚«ãƒ¤ãƒƒã‚¯,kayak,,TRUE,TRUE,TRUE,TRUE,TRUE,TRUE,TRUE,TRUE,TRUE,TRUE,FALSE,,,,FALSE,,,,,,,,,,,,,,,,,,,
db53aa7e-6733-4889-8dc3-a37c04f1b7c0,â›µï¸,yacht,ãƒ¨ãƒƒãƒˆ,yacht,,TRUE,TRUE,TRUE,TRUE,TRUE,TRUE,TRUE,TRUE,TRUE,TRUE,FALSE,,,,FALSE,,,,,,,,,,,,,,,,,,,
73786931-30bc-416a-98d2-831983d87307,â›µï¸,sailing,ã‚»ãƒ¼ãƒªãƒ³ã‚°,sailing,,TRUE,TRUE,TRUE,TRUE,TRUE,TRUE,TRUE,TRUE,TRUE,TRUE,FALSE,,,,FALSE,,,,,,,,,,,,,,,,,,,
b68f3a49-18d7-429d-a521-7be14af6bc9e,â›µï¸,personal watercraft,æ°´ä¸Šã‚ªãƒ¼ãƒˆãƒã‚¤,personal-watercraft,,TRUE,TRUE,TRUE,TRUE,TRUE,TRUE,TRUE,TRUE,TRUE,TRUE,FALSE,,,,FALSE,,,,,,,,,,,,,,,,,,,
367a2825-d4fc-4d91-9d3f-cccb6c2268aa,â›·ï¸,skiing,ã‚¹ã‚­ãƒ¼,skiing,,TRUE,TRUE,TRUE,TRUE,TRUE,TRUE,FALSE,FALSE,FALSE,FALSE,FALSE,,,,FALSE,,,,,,,,,,,,,,,,,,,
3ff48037-144a-4f60-af13-d7165fdcc1ec,â›·ï¸,Basic Skiing,åŸºç¤ã‚¹ã‚­ãƒ¼,basic-skiing,,TRUE,TRUE,TRUE,TRUE,TRUE,TRUE,TRUE,FALSE,FALSE,TRUE,FALSE,judgement,finish,point,FALSE,skiing,,,,,,,,,,,,,,,,,,
42566d19-394a-4011-830f-fbe1effff46a,â›·ï¸,Freestyle Skiing,ãƒ•ãƒªãƒ¼ã‚¹ã‚¿ã‚¤ãƒ« ã‚¹ã‚­ãƒ¼,freestyle-skiing,,TRUE,TRUE,TRUE,TRUE,TRUE,TRUE,FALSE,FALSE,FALSE,TRUE,FALSE,,,,FALSE,skiing,,,,,,,,,,,,,,,,,,
be6c6541-a486-4b84-8d74-d23e0ce8f375,â›·ï¸,Cross-country skiing,ã‚¯ãƒ­ã‚¹ã‚«ãƒ³ãƒˆãƒªãƒ¼ã‚¹ã‚­ãƒ¼,cross-country-skiing,,TRUE,TRUE,TRUE,TRUE,TRUE,TRUE,TRUE,FALSE,FALSE,TRUE,FALSE,,,,FALSE,skiing,,,,,,,,,,,,,,,,,,
33570687-350b-4a2a-89f1-42837ac5c07e,â›·ï¸,skiing free style mogul,ãƒ¢ãƒ¼ã‚°ãƒ« ã‚¹ã‚­ãƒ¼ ,skiing-free-style-mogul,,TRUE,TRUE,TRUE,TRUE,TRUE,TRUE,TRUE,FALSE,FALSE,TRUE,FALSE,judgement,finish,,FALSE,skiing,freestyle skiing,,,,,,,,,,,,,,,,,
1151da32-c0a7-42ac-aa99-ae643b3d2d48,â›·ï¸,aerial skiing,ã‚¨ã‚¢ãƒªã‚¢ãƒ«ã‚¹ã‚­ãƒ¼,aerial-skiing,,TRUE,TRUE,TRUE,TRUE,TRUE,TRUE,TRUE,FALSE,FALSE,TRUE,FALSE,,finish,,FALSE,skiing,freestyle skiing,,,,,,,,,,,,,,,,,
cc08d224-9a2f-4858-afda-19429c138e89,â›·ï¸,Ski cross,ã‚¹ã‚­ãƒ¼ã‚¯ãƒ­ã‚¹,ski-cross,,TRUE,TRUE,TRUE,TRUE,TRUE,TRUE,TRUE,FALSE,FALSE,TRUE,FALSE,,finish,,FALSE,skiing,freestyle skiing,,,,,,,,,,,,,,,,,
c1eda15d-60f8-47be-a0ab-3868cdd2f52e,â›·ï¸,Half-pipe skiing,ãƒãƒ¼ãƒ•ãƒ‘ã‚¤ãƒ— ã‚¹ã‚­ãƒ¼,half-pipe-skiing,,TRUE,TRUE,TRUE,TRUE,TRUE,TRUE,TRUE,FALSE,FALSE,TRUE,FALSE,,finish,,FALSE,skiing,freestyle skiing,,,,,,,,,,,,,,,,,
758bae60-0306-4dc2-9796-4d7e1b923f9e,â›·ï¸,Slopestyle Skiing,ã‚¹ãƒ­ãƒ¼ãƒ—ã‚¹ã‚¿ã‚¤ãƒ« ã‚¹ã‚­ãƒ¼,slopestyle-skiing,,TRUE,TRUE,TRUE,TRUE,TRUE,TRUE,TRUE,FALSE,FALSE,TRUE,FALSE,,finish,,FALSE,skiing,freestyle skiing,,,,,,,,,,,,,,,,,
cbbe4361-c085-4b0b-be2a-ba24bb792d19,â›·ï¸,Ski Big Air,ã‚¹ã‚­ãƒ¼ãƒ“ãƒƒã‚°ã‚¨ã‚¢ãƒ¼,ski-big-air,,TRUE,TRUE,TRUE,TRUE,TRUE,TRUE,TRUE,FALSE,FALSE,TRUE,FALSE,,finish,,FALSE,skiing,freestyle skiing,,,,,,,,,,,,,,,,,
a463ba58-d314-4876-a562-560f41fbe600,â›·ï¸,Alpine skiing,ã‚¢ãƒ«ãƒšãƒ³ã‚¹ã‚­ãƒ¼,alpine-skiing,,TRUE,TRUE,TRUE,TRUE,TRUE,TRUE,FALSE,FALSE,FALSE,TRUE,FALSE,,,,FALSE,skiing,,,,,,,,,,,,,,,,,,
c33e7a4e-f48f-400a-b39a-24d0041942de,â›·ï¸,Alpine downhill skiing,ã‚¢ãƒ«ãƒšãƒ³ã‚¹ã‚­ãƒ¼ ãƒ€ã‚¦ãƒ³ãƒ’ãƒ«ï¼ˆæ»‘é™ï¼‰,alpine-downhill-skiing,,TRUE,TRUE,TRUE,TRUE,TRUE,TRUE,TRUE,FALSE,FALSE,TRUE,FALSE,,finish,,FALSE,skiing,alpine skiing,,,,,,,,,,,,,,,,,
5dd8ec51-5ef3-4bdb-a848-2f3606fc0728,â›·ï¸,Alpine Skiing Super Giant Slalom (Super G/SG),ã‚¢ãƒ«ãƒšãƒ³ã‚¹ã‚­ãƒ¼ ã‚¹ãƒ¼ãƒ‘ãƒ¼å¤§å›è»¢ï¼ˆã‚¹ãƒ¼ãƒ‘ãƒ¼Gãƒ»SGï¼‰,Alpine-Skiing-Super-Giant-Slalom,,TRUE,TRUE,TRUE,TRUE,TRUE,TRUE,TRUE,FALSE,FALSE,TRUE,FALSE,,finish,,FALSE,skiing,alpine skiing,,,,,,,,,,,,,,,,,
1b4c987c-da91-44f1-b0be-b8edad4974b3,â›·ï¸,Alpine Skiing Giant Slalom (GS),ã‚¢ãƒ«ãƒšãƒ³ã‚¹ã‚­ãƒ¼ ã‚¸ãƒ£ã‚¤ã‚¢ãƒ³ãƒˆã‚¹ãƒ©ãƒ­ãƒ¼ãƒ ï¼ˆå¤§å›è»¢ãƒ»GSï¼‰,Alpine-Skiing-Giant-Slalom,,TRUE,TRUE,TRUE,TRUE,TRUE,TRUE,TRUE,FALSE,FALSE,TRUE,FALSE,,finish,,FALSE,skiing,alpine skiing,,,,,,,,,,,,,,,,,
e2c232fd-26be-41a7-8ce0-bff4ee879b03,â›·ï¸,Alpine Skiing Slalom (SL),ã‚¢ãƒ«ãƒšãƒ³ã‚¹ã‚­ãƒ¼ å›è»¢ï¼ˆã‚¹ãƒ©ãƒ­ãƒ¼ãƒ ãƒ»SLï¼‰,Alpine-Skiing-Slalom,,TRUE,TRUE,TRUE,TRUE,TRUE,TRUE,TRUE,FALSE,FALSE,TRUE,FALSE,,finish,,FALSE,skiing,alpine skiing,,,,,,,,,,,,,,,,,
1bec5ff6-edce-430f-8a15-dbcfd4473dc6,â›·ï¸,Alpine Skiing Combined,ã‚¢ãƒ«ãƒšãƒ³ã‚¹ã‚­ãƒ¼ ã‚³ãƒ³ãƒã‚¤ãƒ³ãƒ‰ï¼ˆè¤‡åˆï¼‰,Alpine-Skiing-Combined,,TRUE,TRUE,TRUE,TRUE,TRUE,TRUE,TRUE,FALSE,FALSE,TRUE,FALSE,,finish,,FALSE,skiing,alpine skiing,,,,,,,,,,,,,,,,,
8af2169f-e2af-4e08-9278-30780fb9f962,â›·ï¸,Alpine Skiing Parallel,ã‚¢ãƒ«ãƒšãƒ³ã‚¹ã‚­ãƒ¼ ãƒ‘ãƒ©ãƒ¬ãƒ«,Alpine-Skiing-Parallel,,TRUE,TRUE,TRUE,TRUE,TRUE,TRUE,TRUE,FALSE,FALSE,TRUE,FALSE,,finish,,FALSE,skiing,alpine skiing,,,,,,,,,,,,,,,,,
609607a5-36bf-40da-b45c-b51cecb6f7e4,â›·ï¸,Alpine Skiing Mixed Team Parallel,ã‚¢ãƒ«ãƒšãƒ³ã‚¹ã‚­ãƒ¼ ãƒŸãƒƒã‚¯ã‚¹ãƒ»ãƒãƒ¼ãƒ ãƒ»ãƒ‘ãƒ©ãƒ¬ãƒ«,Alpine-Skiing-Mixed-Team-Parallel,,TRUE,TRUE,TRUE,TRUE,TRUE,TRUE,TRUE,FALSE,FALSE,TRUE,FALSE,,finish,,FALSE,skiing,alpine skiing,,,,,,,,,,,,,,,,,
637b7c5a-fe53-4070-854d-8434c2200bbf,â›·ï¸,Ski jumping,ã‚¹ã‚­ãƒ¼ã‚¸ãƒ£ãƒ³ãƒ—,Ski-jumping,,TRUE,TRUE,TRUE,TRUE,TRUE,TRUE,FALSE,TRUE,TRUE,TRUE,FALSE,,finish,,FALSE,skiing,,,,,,,,,,,,,,,,,,
2cbd21a2-e2d5-4b2b-a996-b5f06c85056c,â›·ï¸,Nordic Combined Skiing,ãƒãƒ«ãƒ‡ã‚£ãƒƒã‚¯è¤‡åˆã‚¹ã‚­ãƒ¼,Nordic-Combined-Skiing,,TRUE,TRUE,TRUE,TRUE,TRUE,TRUE,TRUE,FALSE,FALSE,TRUE,FALSE,,,,FALSE,skiing,,,,,,,,,,,,,,,,,,
609f9071-3e0b-4706-8257-f809f4262d18,â›·ï¸,Biathlon,ãƒã‚¤ã‚¢ã‚¹ãƒ­ãƒ³,Biathlon,,TRUE,TRUE,TRUE,TRUE,TRUE,TRUE,TRUE,FALSE,FALSE,TRUE,TRUE,,,,FALSE,skiing,,,,,,,,,,,,,,,,,,
4a139bcd-8487-4bf1-b995-207bf1c791ed,â›·ï¸,speed skiing,ã‚¹ãƒ”ãƒ¼ãƒ‰ã‚¹ã‚­ãƒ¼,speed-skiing,,TRUE,TRUE,TRUE,TRUE,TRUE,TRUE,TRUE,FALSE,FALSE,TRUE,TRUE,,,,FALSE,skiing,,,,,,,,,,,,,,,,,,
2033258a-32bb-4bcf-a719-97b9f2c0d02e,â›·ï¸,Ski Mountaineering,ã‚¹ã‚­ãƒ¼ãƒ¢,Ski-Mountaineering,å±±å²³ã‚¹ã‚­ãƒ¼,TRUE,TRUE,TRUE,TRUE,TRUE,TRUE,TRUE,TRUE,TRUE,TRUE,FALSE,,finish,,FALSE,,,,,,,,,,,,,,,,,,,
4ab6dd3c-3fc3-4e80-8c58-296dc43800ff,ğŸ‚,snowboarding,ã‚¹ãƒãƒ¼ãƒœãƒ¼ãƒ‰,snowboarding,,TRUE,TRUE,TRUE,TRUE,TRUE,TRUE,FALSE,FALSE,FALSE,FALSE,,,,,FALSE,,,,,,,,,,,,,,,,,,,
3d26a6c0-3eb4-4c20-a274-a93105347d72,ğŸ‚,snowboarding half pipe,ã‚¹ãƒãƒ¼ãƒœãƒ¼ãƒ‰ ãƒãƒ¼ãƒ•ãƒ‘ã‚¤ãƒ—,snowboarding-half-pipe,,TRUE,TRUE,TRUE,TRUE,TRUE,TRUE,TRUE,FALSE,FALSE,TRUE,,,,,TRUE,,,,,,,,,,,,,,,,,,,
d1791b1d-1ff7-48c9-a722-35c57fb5f80c,ğŸ‚,snowboarding slope style,ã‚¹ãƒãƒ¼ãƒœãƒ¼ãƒ‰ ã‚¹ãƒ­ãƒ¼ãƒ—ã‚¹ã‚¿ã‚¤ãƒ«,snowboarding-slope-style,,TRUE,TRUE,TRUE,TRUE,TRUE,TRUE,TRUE,FALSE,FALSE,TRUE,,,,,TRUE,,,,,,,,,,,,,,,,,,,
9200da6c-1cd1-4e1e-92b3-738fccf8bcdf,ğŸ‚,snowboarding straight jump,ã‚¹ãƒãƒ¼ãƒœãƒ¼ãƒ‰ ã‚¹ãƒˆãƒ¬ãƒ¼ãƒˆã‚¸ãƒ£ãƒ³ãƒ—,snowboarding-straight-jump,,TRUE,TRUE,TRUE,TRUE,TRUE,TRUE,TRUE,FALSE,FALSE,TRUE,,,,,TRUE,,,,,,,,,,,,,,,,,,,
0011169b-43b9-4066-af17-68745c087a5e,ğŸ‚,snowboarding Duel Slalom,ã‚¹ãƒãƒ¼ãƒœãƒ¼ãƒ‰ ãƒ‡ãƒ¥ã‚¢ãƒ«ã‚¹ãƒ©ãƒ­ãƒ¼ãƒ ,snowboarding-Duel-Slalom,,TRUE,TRUE,TRUE,TRUE,TRUE,TRUE,TRUE,FALSE,FALSE,TRUE,,,,,TRUE,,,,,,,,,,,,,,,,,,,
d6a16ee5-4e4f-4c32-904a-fe4844704aae,ğŸ‚,snowboarding Giant Slalom,ã‚¹ãƒãƒ¼ãƒœãƒ¼ãƒ‰ ã‚¸ãƒ£ã‚¤ã‚¢ãƒ³ãƒˆã‚¹ãƒ©ãƒ­ãƒ¼ãƒ ,snowboarding-Giant-Slalom,,TRUE,TRUE,TRUE,TRUE,TRUE,TRUE,TRUE,FALSE,FALSE,TRUE,,,,,TRUE,,,,,,,,,,,,,,,,,,,
57b9df73-c41e-4a7e-b1c1-6adbb7d3e4d6,ğŸ‚,Snowboard Cross,ã‚¹ãƒãƒ¼ãƒœãƒ¼ãƒ‰ ã‚¹ãƒãƒ¼ãƒœãƒ¼ãƒ‰ã‚¯ãƒ­ã‚¹,Snowboard-Cross,,TRUE,TRUE,TRUE,TRUE,TRUE,TRUE,TRUE,FALSE,FALSE,TRUE,,,,,TRUE,,,,,,,,,,,,,,,,,,,
c2d6396d-bab2-4aaf-8106-08b5a643f1e9,ğŸ‚,snowboarding big air,ã‚¹ãƒãƒ¼ãƒœãƒ¼ãƒ‰ ãƒ“ãƒƒã‚°ã‚¨ã‚¢,snowboarding-big-air,,TRUE,TRUE,TRUE,TRUE,TRUE,TRUE,TRUE,FALSE,FALSE,TRUE,,,,,TRUE,,,,,,,,,,,,,,,,,,,
88a6c829-fc4f-4f6b-ab97-7dcc33d53fba,â›¸ï¸,figure skating,ãƒ•ã‚£ã‚®ãƒ¥ã‚¢ã‚¹ã‚±ãƒ¼ãƒˆ,figure-skating,,TRUE,TRUE,TRUE,TRUE,TRUE,TRUE,TRUE,TRUE,TRUE,TRUE,,,,,TRUE,,,,,,,,,,,,,,,,,,,
28adb694-ec05-4309-b377-e5ef9b623575,â›¸ï¸,figure skating single,ãƒ•ã‚£ã‚®ãƒ¥ã‚¢ã‚¹ã‚±ãƒ¼ãƒˆ ã‚·ãƒ³ã‚°ãƒ«,figure-skating-single,,TRUE,TRUE,TRUE,TRUE,TRUE,TRUE,TRUE,FALSE,FALSE,TRUE,,,,,TRUE,,,,,,,,,,,,,,,,,,,
3a18bcdd-60a0-43d2-a810-130cb722babc,â›¸ï¸,figure skating pair,ãƒ•ã‚£ã‚®ãƒ¥ã‚¢ã‚¹ã‚±ãƒ¼ãƒˆ ãƒšã‚¢,figure-skating-pair,,TRUE,TRUE,TRUE,TRUE,TRUE,TRUE,TRUE,TRUE,TRUE,TRUE,,,,,TRUE,,,,,,,,,,,,,,,,,,,
37a990e8-b702-43d6-b424-71898e6c346e,â›¸ï¸,figure skating ice dance,ãƒ•ã‚£ã‚®ãƒ¥ã‚¢ã‚¹ã‚±ãƒ¼ãƒˆ ã‚¢ã‚¤ã‚¹ãƒ€ãƒ³ã‚¹,figure-skating-ice-dance,,TRUE,TRUE,TRUE,TRUE,TRUE,TRUE,TRUE,TRUE,TRUE,TRUE,,,,,TRUE,,,,,,,,,,,,,,,,,,,
7ecbfd20-9355-4fcc-aecb-520167a2ceef,â›¸ï¸,SHORT TRACK SPEED SKATING,ã‚¢ã‚¤ã‚¹ã‚¹ã‚±ãƒ¼ãƒˆ ã‚·ãƒ§ãƒ¼ãƒˆãƒˆãƒ©ãƒƒã‚¯,SHORT-TRACK-SPEED-SKATING,,TRUE,TRUE,TRUE,TRUE,TRUE,TRUE,TRUE,TRUE,TRUE,TRUE,,,,,FALSE,,,,,,,,,,,,,,,,,,,
0728725f-172a-4358-9763-8c3d85ec1389,â›¸ï¸,speed skating,ã‚¢ã‚¤ã‚¹ã‚¹ã‚±ãƒ¼ãƒˆ ã‚¹ãƒ”ãƒ¼ãƒ‰ã‚¹ã‚±ãƒ¼ãƒˆ,speed-skating,,TRUE,TRUE,TRUE,TRUE,TRUE,TRUE,TRUE,TRUE,TRUE,TRUE,,,,,FALSE,,,,,,,,,,,,,,,,,,,
a8edafef-d551-4afe-90e6-9791d03064df,ğŸ’,ice hockey,ã‚¢ã‚¤ã‚¹ãƒ›ãƒƒã‚±ãƒ¼,ice-hockey,,TRUE,TRUE,TRUE,TRUE,TRUE,TRUE,TRUE,TRUE,TRUE,TRUE,,,,,FALSE,,,,,,,,,,,,,,,,,,,
f2ff631b-51cd-4268-ac61-b629a996b6e1,ğŸ¥Š,kickboxing,ã‚­ãƒƒã‚¯ãƒœã‚¯ã‚·ãƒ³ã‚°,kickboxing,,TRUE,TRUE,TRUE,TRUE,TRUE,TRUE,TRUE,TRUE,TRUE,TRUE,,,,,FALSE,martial arts,,,,,,,,,,,,,,,,,,
0d568580-a675-4def-83fe-df7339fcb03d,ğŸ¥Š,muay thai,ãƒ ã‚¨ã‚¿ã‚¤,muay-thai,,TRUE,TRUE,TRUE,TRUE,TRUE,TRUE,TRUE,TRUE,TRUE,TRUE,,,,,FALSE,martial arts,,,,,,,,,,,,,,,,,,
ff6f3ca5-804a-44d0-94e5-893f8c478e68,ğŸ¥Š,taekwondo,ãƒ†ã‚³ãƒ³ãƒ‰ãƒ¼,taekwondo,,TRUE,TRUE,TRUE,TRUE,TRUE,TRUE,TRUE,TRUE,TRUE,TRUE,,,,,FALSE,martial arts,,,,,,,,,,,,,,,,,,
a57bbba4-db2b-47c1-ad4a-7951e9ebafd4,ğŸ¥Š,brazilian jiu jitsu,ãƒ–ãƒ©ã‚¸ãƒªã‚¢ãƒ³æŸ”è¡“,brazilian-jiu-jitsu,,TRUE,TRUE,TRUE,TRUE,TRUE,TRUE,TRUE,TRUE,TRUE,TRUE,,,,,FALSE,martial arts,,,,,,,,,,,,,,,,,,
c5991b82-7886-49a8-8905-68e335741ffa,ğŸ¥Š,mixed martial arts,ç·åˆæ ¼é—˜æŠ€,mixed-martial-arts,,TRUE,TRUE,TRUE,TRUE,TRUE,TRUE,TRUE,TRUE,TRUE,TRUE,,,,,FALSE,martial arts,,,,,,,,,,,,,,,,,,
354694e5-9c7b-4c3d-8d3c-1558a245dba9,ğŸšµâ€â™€ï¸,cycling,ã‚µã‚¤ã‚¯ãƒªãƒ³ã‚°,cycling,,TRUE,TRUE,TRUE,TRUE,TRUE,TRUE,TRUE,TRUE,TRUE,TRUE,,,,,FALSE,bicycle,,,,,,,,,,,,,,,,,,
ff4f69f9-8246-4a60-8bda-f1e510af6e81,ğŸšµâ€â™€ï¸,road bike,ãƒ­ãƒ¼ãƒ‰ãƒã‚¤ã‚¯,road-bike,,TRUE,TRUE,TRUE,TRUE,TRUE,TRUE,TRUE,TRUE,TRUE,TRUE,,,,,FALSE,bicycle,,,,,,,,,,,,,,,,,,
ba2491d7-405d-4885-ad9e-0f4aacee0603,ğŸš²,BMX,BMX,BMX,,TRUE,TRUE,TRUE,TRUE,TRUE,TRUE,TRUE,TRUE,TRUE,TRUE,,,,,FALSE,bicycle,,,,,,,,,,,,,,,,,,
f844fb00-5974-4fc5-9d06-8df9da77b419,ğŸª¢,jump rope,ãªã‚ã¨ã³,jump-rope,,TRUE,TRUE,TRUE,TRUE,TRUE,TRUE,TRUE,TRUE,TRUE,TRUE,,,,,FALSE,,,,,,,,,,,,,,,,,,,
9978af8e-5ad8-4558-a6ac-c2b09f37b6da,âš½ï¸,blind soccer,ãƒ–ãƒ©ã‚¤ãƒ³ãƒ‰ã‚µãƒƒã‚«ãƒ¼,blind-soccer,,TRUE,TRUE,TRUE,TRUE,TRUE,TRUE,TRUE,TRUE,TRUE,TRUE,,,,,FALSE,football,,,,,,,,TRUE,,,,,,,,,,
25cb5acb-ba05-418c-8203-ac0a8c5643f6,âš½ï¸,Deaf soccer,ãƒ‡ãƒ•ã‚µãƒƒã‚«ãƒ¼,Deaf-soccer,,TRUE,TRUE,TRUE,TRUE,TRUE,TRUE,TRUE,TRUE,TRUE,TRUE,,,,,FALSE,football,,,,,,,,TRUE,,,,,,,,,,
6b8fa422-4dd8-405c-b467-21b43b13e55f,ğŸ¾,wheelchair tennis,è»Šæ¤…å­ãƒ†ãƒ‹ã‚¹,wheelchair-tennis,,TRUE,TRUE,TRUE,TRUE,TRUE,TRUE,TRUE,TRUE,TRUE,TRUE,,,,,FALSE,,,,,,,,,TRUE,,,,,,,,,,
23705746-5641-4433-9790-6eee8dd1879b,ğŸ€,wheelchair basketball,è»Šæ¤…å­ãƒã‚¹ã‚±ãƒƒãƒˆãƒœãƒ¼ãƒ«,wheelchair-basketball,,TRUE,TRUE,TRUE,TRUE,TRUE,TRUE,TRUE,TRUE,TRUE,TRUE,,,,,FALSE,,,,,,,,,TRUE,,,,,,,,,,
efc1ae1b-e5b1-4876-b949-8a3f61022538,ğŸ‰,wheelchair rugby,è»Šæ¤…å­ãƒ©ã‚°ãƒ“ãƒ¼,wheelchair-rugby,,TRUE,TRUE,TRUE,TRUE,TRUE,TRUE,TRUE,TRUE,TRUE,TRUE,,,,,FALSE,,,,,,,,,TRUE,,,,,,,,,,
52806a03-9deb-48e4-856f-213c27bb7bae,ğŸ¤º,wheelchair fencing,è»Šæ¤…å­ãƒ•ã‚§ãƒ³ã‚·ãƒ³ã‚°,wheelchair-fencing,,TRUE,TRUE,TRUE,TRUE,TRUE,TRUE,TRUE,TRUE,TRUE,TRUE,,,,,FALSE,,,,,,,,,TRUE,,,,,,,,,,
62710072-2027-40c2-9187-e1e9ae569a08,âš½ï¸,goal ball,ã‚´ãƒ¼ãƒ«ãƒœãƒ¼ãƒ«,goal-ball,,TRUE,TRUE,TRUE,TRUE,TRUE,TRUE,TRUE,TRUE,TRUE,TRUE,,,,,FALSE,,,,,,,,,TRUE,,,,,,,,,,
cd0649d6-0b01-4ab9-8ce3-1f9ac81826d6,ğŸ”´,Boccia,ãƒœãƒƒãƒãƒ£,Boccia,,TRUE,TRUE,TRUE,TRUE,TRUE,TRUE,TRUE,TRUE,TRUE,TRUE,,,,,FALSE,,,,,,,,,TRUE,,,,,,,,,,
1c26d505-daf9-4a88-bb04-5115338b7002,ğŸ,sitting volleyball,ã‚·ãƒƒãƒ†ã‚£ãƒ³ã‚°ãƒãƒ¬ãƒ¼ãƒœãƒ¼ãƒ«,sitting-volleyball,,TRUE,TRUE,TRUE,TRUE,TRUE,TRUE,TRUE,TRUE,TRUE,TRUE,,,,,FALSE,,,,,,,,,TRUE,,,,,,,,,,
ee03d139-b0c3-4e9d-bc26-5e69435d0314,âš½ï¸,cp soccer,CPã‚µãƒƒã‚«ãƒ¼,cp-soccer,,TRUE,TRUE,TRUE,TRUE,TRUE,TRUE,TRUE,TRUE,TRUE,TRUE,,,,,FALSE,football,,,,,,,,TRUE,,,,,,,,,,
4bd980e0-d964-4929-acbd-3c317128dee1,âš½ï¸,Amp Petit Soccer,ã‚¢ãƒ³ãƒ—ãƒ†ã‚£ã‚µãƒƒã‚«ãƒ¼,amp-petit-soccer,,TRUE,TRUE,TRUE,TRUE,TRUE,TRUE,TRUE,TRUE,TRUE,TRUE,,,,,FALSE,football,,,,,,,,TRUE,,,,,,,,,,
bcd1d203-b0f9-44c5-be43-0662d99f0607,âš½ï¸,electric wheelchair soccer,é›»å‹•è»Šæ¤…å­ã‚µãƒƒã‚«ãƒ¼,electric-wheelchair-soccer,,TRUE,TRUE,TRUE,TRUE,TRUE,TRUE,TRUE,TRUE,TRUE,TRUE,,,,,FALSE,football,,,,,,,,,,,,,,,,,,
ee294e51-dcdd-4b15-b5c0-66d03eb2d262,ğŸ‘©â€ğŸ¦½,Wheelchair Athletics,è»Šæ¤…å­é™¸ä¸Šç«¶æŠ€,wheelchair-athletics,,TRUE,TRUE,TRUE,TRUE,TRUE,TRUE,TRUE,TRUE,TRUE,TRUE,,,,,FALSE,,,,,,,,,,,,,,,,,,,
ef13f367-7365-4698-971e-852aa8842900,,Lawn Bowls,ãƒ­ãƒ¼ãƒ³ãƒœã‚¦ãƒ«ã‚º,lawn-bowls,,TRUE,TRUE,TRUE,TRUE,TRUE,TRUE,TRUE,TRUE,TRUE,TRUE,,,,,FALSE,,,,,,,,,,,,,,,,,,,
4b20c74a-4653-4f4f-b7bd-5c925a5c58f8,,Gaelic football,ã‚²ãƒ¼ãƒªãƒƒã‚¯ãƒ•ãƒƒãƒˆãƒœãƒ¼ãƒ«,gaelic-football,,TRUE,TRUE,TRUE,TRUE,TRUE,TRUE,TRUE,TRUE,TRUE,TRUE,,,,,FALSE,,,,,,,,,,,,,,,,,,,
f3f8540f-3a93-4e63-8144-52716416e61b,,Hurling,ãƒãƒ¼ãƒªãƒ³ã‚°,hurling,,TRUE,TRUE,TRUE,TRUE,TRUE,TRUE,TRUE,TRUE,TRUE,TRUE,,,,,FALSE,,,,,,,,,,,,,,,,,,,
81d8c25d-c4f5-4d61-b35c-2f8a815c5934,,Australian rules football,ã‚ªãƒ¼ã‚¹ãƒˆãƒ©ãƒªã‚¢ãƒ³ãƒ•ãƒƒãƒˆãƒœãƒ¼ãƒ«,australian-football,,TRUE,TRUE,TRUE,TRUE,TRUE,TRUE,TRUE,TRUE,TRUE,TRUE,,,,,FALSE,,,,,,,,,,,,,,,,,,,
560cfc38-6f47-4b2c-895f-f4b07b55298d,âš½ï¸,teqball,ãƒ†ãƒƒã‚¯ãƒœãƒ¼ãƒ«,teqball,,TRUE,TRUE,TRUE,TRUE,TRUE,TRUE,TRUE,TRUE,TRUE,TRUE,,point,count,,FALSE,,,,,,,,,,,,,,,,,,,
7379c32a-c603-4538-8b93-0640a99c269a,,netball,ãƒãƒƒãƒˆãƒœãƒ¼ãƒ«,netball,,TRUE,TRUE,TRUE,TRUE,TRUE,TRUE,TRUE,TRUE,TRUE,TRUE,,point,,,FALSE,,,,,,,,,https://netball.sport/,,,,,,,,,,
e79a83b7-f944-4eef-a817-13785eaef32c,ğŸƒâ€â™€ï¸,pentathlon,è¿‘ä»£äº”ç¨®,pentathlon,ãƒšãƒ³ã‚¿ã‚¹ãƒ­ãƒ³,TRUE,TRUE,TRUE,TRUE,TRUE,TRUE,TRUE,FALSE,FALSE,TRUE,TRUE,point,finish,point,FALSE,,,,,,,,,,,,,,,,,,,
03329dbd-362e-4d2e-bd50-785e175cadc7,ğŸ§Š,Luge,ãƒªãƒ¥ãƒ¼ã‚¸ãƒ¥,Luge,,TRUE,TRUE,TRUE,TRUE,TRUE,TRUE,TRUE,TRUE,TRUE,TRUE,TRUE,record,finish,time,FALSE,,,,,,,,,,,,,,,,,,,
2eb16ca1-fc2c-447f-ab95-2aee2e2d1e77,ğŸ§Š,Bobsleigh,ãƒœãƒ–ã‚¹ãƒ¬ãƒ¼,Bobsleigh,,TRUE,TRUE,TRUE,TRUE,TRUE,TRUE,TRUE,TRUE,TRUE,TRUE,TRUE,record,finish,time,FALSE,,,,,,,,,,,,,,,,,,,
5f548a33-cbf2-47b3-98ea-25ae37f32d97,ğŸ§Š,Bobsleigh Skeleton,ãƒœãƒ–ã‚¹ãƒ¬ãƒ¼ã‚¹ã‚±ãƒ«ãƒˆãƒ³,Bobsleigh-Skeleton,,TRUE,TRUE,TRUE,TRUE,TRUE,TRUE,TRUE,FALSE,FALSE,TRUE,TRUE,record,finish,time,FALSE,,,,,,,,,,,,,,,,,,,
9dabf231-de85-4e20-b3b2-9f06bd71b705,,weight lifting,é‡é‡æŒ™ã’,weight-lifting,ã‚¦ã‚¨ã‚¤ãƒˆãƒªãƒ•ãƒ†ã‚£ãƒ³ã‚° ã‚¦ã‚§ã‚¤ãƒˆãƒªãƒ•ãƒ†ã‚£ãƒ³ã‚°,TRUE,TRUE,TRUE,TRUE,TRUE,TRUE,TRUE,FALSE,FALSE,TRUE,TRUE,record,finish,weight,FALSE,,,,,,,,,,,,,,,,,,,
6c46b873-ff8e-4000-87cb-efda03234afe,,power lifting,ãƒ‘ãƒ¯ãƒ¼ãƒªãƒ•ãƒ†ã‚£ãƒ³ã‚°,power-lifting,,TRUE,TRUE,TRUE,TRUE,TRUE,TRUE,TRUE,FALSE,FALSE,TRUE,TRUE,record,finish,weight,FALSE,,,,,,,,,,,,,,,,,,,
d67a8d75-f554-43ad-a345-e3cadcc84e17,,rehab,ãƒªãƒãƒ“ãƒª,rehab,æ²»ç™‚ ,FALSE,FALSE,TRUE,FALSE,FALSE,FALSE,FALSE,FALSE,FALSE,FALSE,FALSE,,,,,,,,,,,,,,,,,,,,,,,
,,,,,,,,,,,,,,,,,,,,,,,,,,,,,,,,,,,,,,,
,,,,,,,,,,,,,,,,,,,,,,,,,,,,,,,,,,,,,,,
,,,,,,,,,,,,,,,,,,,,,,,,,,,,,,,,,,,,,,,
,,,,,,,,,,,,,,,,,,,,,,,,,,,,,,,,,,,,,,,
,,,,,,,,,,,,,,,,,,,,,,,,,,,,,,,,,,,,,,,
,,,,,,,,,,,,,,,,,,,,,,,,,,,,,,,,,,,,,,,
,,,,,,,,,,,,,,,,,,,,,,,,,,,,,,,,,,,,,,,
,,,,,,,,,,,,,,,,,,,,,,,,,,,,,,,,,,,,,,,
,,,,,,,,,,,,,,,,,,,,,,,,,,,,,,,,,,,,,,,
,,,,,,,,,,,,,,,,,,,,,,,,,,,,,,,,,,,,,,,
,,,,,,,,,,,,,,,,,,,,,,,,,,,,,,,,,,,,,,,
,,,,,,,,,,,,,,,,,,,,,,,,,,,,,,,,,,,,,,,
,,,,,,,,,,,,,,,,,,,,,,,,,,,,,,,,,,,,,,,
,,,,,,,,,,,,,,,,,,,,,,,,,,,,,,,,,,,,,,,
,,,,,,,,,,,,,,,,,,,,,,,,,,,,,,,,,,,,,,,
,,,,,,,,,,,,,,,,,,,,,,,,,,,,,,,,,,,,,,,
,,,,,,,,,,,,,,,,,,,,,,,,,,,,,,,,,,,,,,,
,,,,,,,,,,,,,,,,,,,,,,,,,,,,,,,,,,,,,,,
,,,,,,,,,,,,,,,,,,,,,,,,,,,,,,,,,,,,,,,
,,,,,,,,,,,,,,,,,,,,,,,,,,,,,,,,,,,,,,,
,,,,,,,,,,,,,,,,,,,,,,,,,,,,,,,,,,,,,,,
,,,,,,,,,,,,,,,,,,,,,,,,,,,,,,,,,,,,,,,
,,,,,,,,,,,,,,,,,,,,,,,,,,,,,,,,,,,,,,,
,,,,,,,,,,,,,,,,,,,,,,,,,,,,,,,,,,,,,,,
,,,,,,,,,,,,,,,,,,,,,,,,,,,,,,,,,,,,,,,
,,,,,,,,,,,,,,,,,,,,,,,,,,,,,,,,,,,,,,,
,,,,,,,,,,,,,,,,,,,,,,,,,,,,,,,,,,,,,,,
,,Fishing,ãƒ•ã‚£ãƒƒã‚·ãƒ³ã‚°,,,,,,,,,,,,,,,,,,,,,,,,,,,,,,,,,,,,
,,survival game,ã‚µãƒã‚¤ãƒãƒ«ã‚²ãƒ¼ãƒ ,,,,,,,,,,,,,,,,,,,,,,,,,,,,,,,,,,,,
,,board games,ãƒœãƒ¼ãƒ‰ã‚²ãƒ¼ãƒ ,,,,,,,,,,,,,,,,,,,,,,,,,,,,,,,,,,,,
,,motorsport,ãƒ¢ãƒ¼ã‚¿ãƒ¼ã‚¹ãƒãƒ¼ãƒ„,,,,,,,,,,,,,,,,,,,,,,,,,,,,,,,,,,,,
,,Formula E,ãƒ•ã‚©ãƒ¼ãƒŸãƒ¥ãƒ©ï¼¥,,,,,,,,,,,,,,,,,,,,,,,,,,,,,,,,,,,,
,,racing kart,ãƒ¬ãƒ¼ã‚·ãƒ³ã‚°ã‚«ãƒ¼ãƒˆ,,,,,,,,,,,,,,,,,,,,,,,,,,,,,,,,,,,,
,,drone,ãƒ‰ãƒ­ãƒ¼ãƒ³,,,,,,,,,,,,,,,,,,,,,,,,,,,,,,,,,,,,
,,e-sports,eã‚¹ãƒãƒ¼ãƒ„,,,,,,,,,,,,,,,,,,,,,,,,,,,,,,,,,,,,